index,leiden_scvi
AAACATACAACCAC-1,0
AAACATTGAGCTAC-1,1
AAACATTGATCAGC-1,0
AAACCGTGCTTCCG-1,2
AAACCGTGTATGCG-1,3
AAACGCACTGGTAC-1,0
AAACGCTGACCAGT-1,3
AAACGCTGGTTCTT-1,3
AAACGCTGTAGCCA-1,3
AAACGCTGTTTCTG-1,2
AAACTTGAAAAACG-1,1
AAACTTGATCCAGA-1,0
AAAGAGACGAGATA-1,0
AAAGAGACGCGAGA-1,2
AAAGAGACGGACTT-1,3
AAAGAGACGGCATT-1,0
AAAGATCTGGGCAA-1,2
AAAGCAGAAGCCAT-1,3
AAAGCAGATATCGG-1,2
AAAGCCTGTATGCG-1,0
AAAGGCCTGTCTAG-1,1
AAAGTTTGATCACG-1,1
AAAGTTTGGGGTGA-1,1
AAAGTTTGTAGAGA-1,0
AAAGTTTGTAGCGT-1,2
AAATCAACAATGCC-1,1
AAATCAACACCAGT-1,0
AAATCAACCAGGAG-1,0
AAATCAACCCTATT-1,2
AAATCAACGGAAGC-1,0
AAATCAACTCGCAA-1,0
AAATCATGACCACA-1,2
AAATCCCTCCACAA-1,3
AAATCCCTGCTATG-1,1
AAATGTTGAACGAA-1,2
AAATGTTGCCACAA-1,3
AAATGTTGTGGCAT-1,2
AAATTCGAAGGTTC-1,0
AAATTCGAATCACG-1,2
AAATTCGAGCTGAT-1,2
AAATTCGAGGAGTG-1,0
AAATTCGATTCTCA-1,3
AAATTGACACGACT-1,3
AAATTGACTCGCTC-1,0
AACAAACTCATTTC-1,0
AACAAACTTTCGTT-1,0
AACAATACGACGAG-1,0
AACACGTGCAGAGG-1,0
AACACGTGGAAAGT-1,0
AACACGTGGAACCT-1,2
AACACGTGGCTACA-1,0
AACACGTGTACGAC-1,2
AACAGCACAAGAGT-1,2
AACATTGATGGGAG-1,2
AACCAGTGATACCG-1,2
AACCCAGATCGCTC-1,0
AACCGATGCTCCCA-1,0
AACCGATGGTCATG-1,1
AACCGATGTTCTAC-1,2
AACCGCCTAGCGTT-1,0
AACCGCCTCTACGA-1,2
AACCTACTGTGAGG-1,2
AACCTACTGTGTTG-1,0
AACCTTACGAGACG-1,0
AACCTTACGCGAGA-1,3
AACCTTACTAACGC-1,2
AACCTTTGGACGGA-1,0
AACCTTTGTACGCA-1,2
AACGCAACAAGTAG-1,0
AACGCATGACCCAA-1,0
AACGCATGCCTTCG-1,0
AACGCATGTACTTC-1,0
AACGCCCTCGGGAA-1,0
AACGCCCTCGTACA-1,3
AACGCCCTGCTTAG-1,1
AACGCCCTGGCATT-1,0
AACGTCGAGTATCG-1,3
AACGTGTGAAAGCA-1,0
AACGTGTGGCGGAA-1,1
AACGTGTGTCCAAG-1,0
AACGTGTGTGCTTT-1,0
AACTACCTTAGAGA-1,0
AACTCACTCAAGCT-1,2
AACTCACTTGGAGG-1,2
AACTCGGAAAGTGA-1,0
AACTCGGAAGGTCT-1,2
AACTCTTGCAGGAG-1,0
AACTGTCTCCCTTG-1,2
AACTTGCTACGCTA-1,1
AACTTGCTGGGACA-1,0
AAGAACGAGTGTTG-1,0
AAGAAGACGTAGGG-1,1
AAGACAGAAGTCTG-1,1
AAGACAGAGGATCT-1,0
AAGACAGATTACCT-1,2
AAGAGATGGGTAGG-1,1
AAGATGGAAAACAG-1,1
AAGATGGAGAACTC-1,2
AAGATGGAGATAAG-1,2
AAGATTACAACCTG-1,0
AAGATTACAGATCC-1,2
AAGATTACCCGTTC-1,2
AAGATTACCGCCTT-1,2
AAGATTACCTCAAG-1,3
AAGATTACTCCTCG-1,2
AAGCAAGAGCGAGA-1,0
AAGCAAGAGCTTAG-1,3
AAGCAAGAGGTGTT-1,3
AAGCACTGAGCAAA-1,1
AAGCACTGCATACG-1,3
AAGCACTGGTTCTT-1,1
AAGCCAACGTGTTG-1,0
AAGCCATGAACTGC-1,2
AAGCCATGACACGT-1,2
AAGCCATGCGTGAT-1,0
AAGCCATGTCTCGC-1,3
AAGCCTGACATGCA-1,0
AAGCCTGACCGAAT-1,2
AAGCGACTCCTCAC-1,2
AAGCGACTGTGTCA-1,0
AAGCGACTTACAGC-1,1
AAGCGACTTTGACG-1,2
AAGCGTACGTCTTT-1,0
AAGGCTTGCGAACT-1,3
AAGGTCACGGTTAC-1,2
AAGGTCACTGTTTC-1,1
AAGGTCACTTCCCG-1,3
AAGGTCTGACAGTC-1,0
AAGGTCTGCAGATC-1,0
AAGGTCTGGTATGC-1,2
AAGTAACTCTGAAC-1,2
AAGTAACTGAGATA-1,1
AAGTAGGATACAGC-1,3
AAGTATACCGAACT-1,0
AAGTCCGACTTGTT-1,0
AAGTCCGATAGAAG-1,0
AAGTCTCTAGTCGT-1,0
AAGTCTCTCGGAGA-1,3
AAGTGGCTTGGAGG-1,1
AAGTTCCTCATTCT-1,2
AAGTTCCTTCTTAC-1,0
AATAAGCTCGAATC-1,0
AATAAGCTCGTTGA-1,0
AATACCCTGGACGA-1,1
AATACCCTGGCATT-1,0
AATACTGAAAGGGC-1,3
AATACTGAATTGGC-1,3
AATAGGGAACCCTC-1,1
AATAGGGAGAATGA-1,3
AATCAAACTATCGG-1,3
AATCCGGAATGCTG-1,1
AATCCTACCGGTAT-1,0
AATCCTTGACGGGA-1,2
AATCCTTGGTGAGG-1,3
AATCGGTGGAACTC-1,3
AATCGGTGTGCTTT-1,0
AATCTAGAAAAGTG-1,0
AATCTAGAATCGGT-1,0
AATCTCACAGCCTA-1,2
AATCTCACTCTAGG-1,0
AATCTCTGAACAGA-1,0
AATCTCTGCTTTAC-1,3
AATGATACACCAAC-1,3
AATGATACGGTCAT-1,2
AATGCGTGACACCA-1,1
AATGCGTGGACGGA-1,2
AATGCGTGGCTATG-1,1
AATGGAGAATCGTG-1,2
AATGGAGATCCTTA-1,3
AATGGCTGACACCA-1,1
AATGGCTGCGTGAT-1,0
AATGGCTGTAAAGG-1,3
AATGGCTGTACTCT-1,3
AATGGCTGTGAAGA-1,0
AATGTAACGGTGGA-1,0
AATGTAACGTTTGG-1,3
AATGTCCTCTTCTA-1,0
AATGTTGACAGTCA-1,0
AATGTTGAGTTGAC-1,2
AATGTTGATCTACT-1,0
AATTACGAATTCCT-1,2
AATTACGACTTCTA-1,0
AATTACGAGTAGCT-1,3
AATTACGAGTGAGG-1,0
AATTACGATTGGCA-1,1
AATTCCTGCTCAGA-1,1
AATTGATGTCGCAA-1,2
AATTGTGACTTGGA-1,1
ACAAAGGAGGGTGA-1,0
ACAAATTGATTCTC-1,2
ACAAATTGCTCAGA-1,2
ACAAATTGTTGCGA-1,3
ACAACCGAGGGATG-1,3
ACAACCGAGTTACG-1,0
ACAAGAGAAGTCGT-1,2
ACAAGAGACTTATC-1,0
ACAAGAGAGTTGAC-1,1
ACAATCCTAACCGT-1,0
ACAATCCTTAGCGT-1,1
ACAATTGACTGACA-1,3
ACAATTGATGACTG-1,3
ACACAGACACCTGA-1,2
ACACAGACCATACG-1,3
ACACCAGAGGGCAA-1,3
ACACCCTGGTGTTG-1,3
ACACGAACAGTTCG-1,3
ACACGATGACGCAT-1,3
ACACGATGATGTGC-1,2
ACACGATGTCGTAG-1,3
ACACGATGTGGTCA-1,3
ACAGACACGGCATT-1,3
ACAGACACGTTGTG-1,0
ACAGCAACACCTAG-1,2
ACAGCAACCTCAAG-1,2
ACAGGTACCCCACT-1,0
ACAGGTACGCTGTA-1,0
ACAGGTACTGGTGT-1,3
ACAGTCGACCCAAA-1,0
ACAGTCGACCGATA-1,3
ACAGTGACTCACCC-1,3
ACAGTGACTCTATC-1,3
ACAGTGTGGTCACA-1,0
ACAGTGTGTTGCGA-1,2
ACATCACTCTACTT-1,2
ACATGGTGAAGCCT-1,0
ACATGGTGCAACCA-1,1
ACATGGTGCGAGTT-1,0
ACATGGTGCGTTGA-1,3
ACATTCTGGCATAC-1,0
ACATTCTGGGAACG-1,2
ACCAACGACATGCA-1,0
ACCACAGAAAGTAG-1,0
ACCACAGAGTTGGT-1,0
ACCACCTGTGTGCA-1,0
ACCACGCTACAGCT-1,0
ACCACGCTACCCAA-1,3
ACCACGCTGCGAGA-1,0
ACCACGCTGCTGTA-1,0
ACCAGCCTGACAGG-1,0
ACCAGTGAACGGTT-1,1
ACCAGTGAATACCG-1,2
ACCAGTGAGGGATG-1,0
ACCAGTGATGACTG-1,2
ACCATTACCTTCTA-1,0
ACCATTACGAGATA-1,0
ACCATTTGTCATTC-1,0
ACCCAAGAACTGTG-1,3
ACCCAAGAATTCCT-1,2
ACCCAAGAGGACAG-1,0
ACCCAAGATTCACT-1,1
ACCCACTGCGCCTT-1,2
ACCCACTGGACAGG-1,0
ACCCACTGGTTCAG-1,4
ACCCACTGTCGTAG-1,2
ACCCAGCTCAGAAA-1,0
ACCCAGCTGTTAGC-1,2
ACCCAGCTTGCTTT-1,0
ACCCGTTGATGACC-1,1
ACCCGTTGCTGCAA-1,0
ACCCGTTGCTTCTA-1,2
ACCCTCGACCTATT-1,0
ACCCTCGACGGTAT-1,1
ACCCTCGATAAGGA-1,2
ACCCTCGATCAAGC-1,2
ACCGTGCTACCAGT-1,0
ACCGTGCTGGAACG-1,1
ACCTATTGCTGAGT-1,1
ACCTATTGTGCCCT-1,2
ACCTCCGAGTCCTC-1,0
ACCTCCGATATGCG-1,0
ACCTCCGATGCTGA-1,0
ACCTCGTGAACCAC-1,3
ACCTGAGATATCGG-1,2
ACCTGGCTAAGTAG-1,3
ACCTGGCTGTCTTT-1,2
ACCTTTGACTCCCA-1,2
ACCTTTGAGGAACG-1,2
ACCTTTGAGGAAGC-1,2
ACGAACACCTTGTT-1,3
ACGAACTGGCTATG-1,4
ACGAAGCTCTCCAC-1,0
ACGAAGCTCTGAGT-1,1
ACGACCCTATCTCT-1,2
ACGACCCTGATGAA-1,3
ACGACCCTTGACAC-1,1
ACGACCCTTGACCA-1,0
ACGAGGGACAGGAG-1,2
ACGAGGGACGAACT-1,0
ACGAGGGATGTAGC-1,0
ACGAGTACCCTAAG-1,1
ACGAGTACGAATCC-1,1
ACGATCGAGGACTT-1,3
ACGATCGAGTCACA-1,2
ACGATGACAATGCC-1,0
ACGATGACTGGTCA-1,0
ACGATTCTACGGGA-1,3
ACGCAATGGTTCAG-1,3
ACGCACCTGTTAGC-1,1
ACGCCACTGAACTC-1,2
ACGCCGGAAACCAC-1,2
ACGCCGGAAAGCCT-1,0
ACGCCGGAAATGCC-1,0
ACGCCTTGCTCCCA-1,2
ACGCGGTGGCGAGA-1,0
ACGCGGTGTGTGGT-1,1
ACGCGGTGTTTGCT-1,3
ACGCTCACAGTACC-1,0
ACGCTCACCCTTGC-1,0
ACGCTGCTGTTCTT-1,3
ACGGAACTCAGATC-1,3
ACGGAACTGTCGTA-1,2
ACGGAGGACTCTTA-1,2
ACGGATTGGGAGGT-1,1
ACGGATTGGTTAGC-1,0
ACGGCTCTGAGCAG-1,0
ACGGCTCTTGCACA-1,0
ACGGTAACCGCTAA-1,3
ACGGTAACCTTCGC-1,3
ACGGTAACGGTGGA-1,0
ACGGTAACTCGCAA-1,3
ACGGTATGAGTCGT-1,2
ACGGTATGGGTATC-1,1
ACGGTATGGTTGTG-1,1
ACGGTCCTAACGGG-1,0
ACGGTCCTCGGGAA-1,0
ACGTAGACAACCAC-1,0
ACGTAGACTACAGC-1,1
ACGTCAGAAACGAA-1,0
ACGTCAGAGAGCTT-1,2
ACGTCAGAGGGATG-1,0
ACGTCCTGATAAGG-1,2
ACGTCCTGTGAACC-1,2
ACGTCGCTCCTGAA-1,3
ACGTCGCTCTATTC-1,2
ACGTCGCTTCTCAT-1,1
ACGTGATGCCATGA-1,2
ACGTGATGGGTCTA-1,0
ACGTGATGTAACCG-1,2
ACGTGATGTGACAC-1,3
ACGTGCCTCCGTAA-1,0
ACGTGCCTTCTATC-1,3
ACGTTACTTTCCAT-1,0
ACGTTGGAAAAGCA-1,0
ACGTTGGAAACCTG-1,3
ACGTTGGACCGTAA-1,2
ACGTTGGAGCCAAT-1,3
ACGTTGGATATGGC-1,1
ACGTTGGATCAGGT-1,2
ACGTTTACATCAGC-1,0
ACTAAAACCCACAA-1,3
ACTAAAACTCGACA-1,2
ACTACGGAATTTCC-1,0
ACTACGGACCTATT-1,0
ACTACGGATCGCTC-1,0
ACTACTACTAAGGA-1,0
ACTAGGTGGAACCT-1,3
ACTAGGTGGAACTC-1,0
ACTATCACCTTGGA-1,3
ACTATCACTGCCAA-1,0
ACTCAGGACTGAAC-1,0
ACTCAGGATCTATC-1,1
ACTCAGGATTCGTT-1,2
ACTCCTCTCAACTG-1,0
ACTCGCACGAAAGT-1,2
ACTCGCACTACGAC-1,2
ACTCTCCTGACACT-1,0
ACTCTCCTGCATAC-1,2
ACTCTCCTGTTTGG-1,0
ACTGAGACAACCAC-1,3
ACTGAGACCCATAG-1,2
ACTGAGACGTTGGT-1,1
ACTGCCACACACGT-1,3
ACTGCCACTCCGTC-1,3
ACTGGCCTTCAGTG-1,3
ACTGTGGACGTGTA-1,3
ACTGTGGATCTAGG-1,1
ACTGTTACCCACAA-1,2
ACTGTTACTGCAGT-1,0
ACTTAAGAACCACA-1,0
ACTTAAGACCACAA-1,3
ACTTAAGATTACTC-1,2
ACTTAGCTGCGTAT-1,2
ACTTAGCTGGGAGT-1,0
ACTTCAACAAGCAA-1,0
ACTTCAACGTAGGG-1,3
ACTTCCCTTTCCGC-1,0
ACTTCTGACATGCA-1,1
ACTTGACTCCACAA-1,1
ACTTGGGAGAAAGT-1,2
ACTTGGGAGGTTTG-1,3
ACTTGGGATGTGAC-1,2
ACTTGGGATTGACG-1,2
ACTTGTACCCGAAT-1,0
ACTTGTACCTGTCC-1,0
ACTTTGTGCGATAC-1,3
ACTTTGTGGAAAGT-1,0
ACTTTGTGGATAGA-1,2
AGAAACGAAAGTAG-1,1
AGAAAGTGCGCAAT-1,0
AGAAAGTGGGGATG-1,2
AGAACAGAAATGCC-1,3
AGAACAGACGACTA-1,1
AGAACAGAGACAAA-1,0
AGAACGCTTTGCTT-1,0
AGAAGATGTGACTG-1,0
AGAATGGAAGAAGT-1,3
AGAATTTGTAACCG-1,0
AGAATTTGTAGAGA-1,0
AGACACACTGTAGC-1,0
AGACACTGTCAAGC-1,2
AGACCTGAAGTAGA-1,2
AGACCTGACCAACA-1,0
AGACCTGAGGAAGC-1,3
AGACGTACAGAGGC-1,0
AGACGTACCCCTAC-1,1
AGACGTACCTCTTA-1,2
AGACGTACTCGTGA-1,2
AGACTGACCATCAG-1,3
AGACTGACCCTTTA-1,0
AGACTTCTCATGCA-1,1
AGAGATGACAGTCA-1,1
AGAGATGACTGAAC-1,0
AGAGATGAGGTTTG-1,2
AGAGATGATCTCGC-1,1
AGAGATGATTGTGG-1,3
AGAGCGGAGGCAAG-1,2
AGAGGTCTACAGCT-1,1
AGAGTCTGGTCGTA-1,2
AGAGTGCTCAGCTA-1,0
AGAGTGCTCGAATC-1,0
AGAGTGCTGTCATG-1,0
AGAGTGCTGTCCTC-1,3
AGAGTGCTGTGTTG-1,1
AGATATACCCGTAA-1,3
AGATATACGATGAA-1,0
AGATATACTGTTCT-1,1
AGATATTGCCTACC-1,3
AGATATTGGCCAAT-1,2
AGATCGTGTCTGGA-1,2
AGATCGTGTTTGTC-1,1
AGATCTCTATCACG-1,1
AGATTAACGTTCTT-1,2
AGATTCCTATCGTG-1,0
AGATTCCTCACTTT-1,2
AGATTCCTGACGAG-1,2
AGATTCCTGTTCAG-1,3
AGCAAAGATATGCG-1,0
AGCACAACAGTCTG-1,0
AGCACTGAGGGAGT-1,0
AGCACTGATATGCG-1,0
AGCACTGATGCTTT-1,2
AGCACTGATTGCGA-1,0
AGCATCGAAGATCC-1,0
AGCATCGAAGGGTG-1,1
AGCATCGAGCTTCC-1,2
AGCATCGAGTGAGG-1,0
AGCATCGATAACCG-1,2
AGCATGACGATGAA-1,3
AGCCAATGGGGAGT-1,2
AGCCAATGTATCTC-1,0
AGCCACCTGGATCT-1,3
AGCCGGTGCCAATG-1,0
AGCCGGTGTGTTTC-1,0
AGCCGTCTCAATCG-1,0
AGCCGTCTGAGAGC-1,0
AGCCTCACGTTCGA-1,0
AGCCTCACTGTCAG-1,2
AGCCTCTGCAGTTG-1,1
AGCCTCTGCCAATG-1,3
AGCGAACTGGATCT-1,0
AGCGAACTTACTGG-1,0
AGCGATACGGAGCA-1,0
AGCGATTGAGATCC-1,3
AGCGCCGAATCTCT-1,0
AGCGCCGACAGAGG-1,0
AGCGCTCTACCTTT-1,0
AGCGGCACCGGGAA-1,0
AGCGGCTGATGTGC-1,0
AGCGGGCTTGCCAA-1,0
AGCGTAACATGCTG-1,0
AGCGTAACTGAGAA-1,2
AGCTCGCTACTGGT-1,0
AGCTCGCTCTGCTC-1,0
AGCTGAACCATACG-1,2
AGCTGAACCTCTCG-1,0
AGCTGCCTTGGGAG-1,2
AGCTGCCTTTCATC-1,0
AGCTGCCTTTCTGT-1,0
AGCTGTGATCCAAG-1,0
AGCTTTACAAGTAG-1,0
AGCTTTACACCAAC-1,3
AGCTTTACTCTCAT-1,1
AGGAAATGAGGAGC-1,0
AGGAACCTCTTAGG-1,2
AGGAACCTTGCCTC-1,3
AGGAATGATAACGC-1,0
AGGAATGATTTGTC-1,0
AGGAGTCTGGTTTG-1,0
AGGAGTCTTGTCAG-1,0
AGGATAGACATTTC-1,0
AGGATAGAGGATTC-1,3
AGGATGCTACTAGC-1,1
AGGATGCTTTAGGC-1,3
AGGCAACTGAAGGC-1,0
AGGCAGGAGTACCA-1,3
AGGCCTCTAGTCGT-1,0
AGGCCTCTCGGAGA-1,0
AGGCCTCTCGTAAC-1,0
AGGGACGACGTTGA-1,0
AGGGACGAGTCAAC-1,3
AGGGACGAGTTGTG-1,0
AGGGACGATAGAGA-1,3
AGGGACGATGCATG-1,3
AGGGAGTGAGCCTA-1,0
AGGGCCACCATACG-1,0
AGGGCGCTAACCAC-1,2
AGGGCGCTATGGTC-1,0
AGGGTGGACAGTCA-1,1
AGGGTGGACTCAAG-1,2
AGGGTGGAGTTGCA-1,3
AGGGTTTGTTCATC-1,2
AGGTCATGAGTGTC-1,1
AGGTCATGCTTATC-1,3
AGGTCTGATTCTCA-1,2
AGGTGGGAAGAATG-1,3
AGGTGGGAAGTTCG-1,0
AGGTGTTGGTTACG-1,1
AGGTTCGAACCTCC-1,2
AGGTTCGAACGTAC-1,2
AGGTTCGAGGGTGA-1,0
AGTAAGGAGTTTGG-1,0
AGTAAGGATTCTTG-1,0
AGTAATACATCACG-1,3
AGTAATACCGAACT-1,1
AGTAATTGTCCCAC-1,0
AGTACGTGAGGGTG-1,0
AGTACGTGCTGCAA-1,0
AGTACGTGCTTGGA-1,0
AGTACTCTACGTGT-1,1
AGTACTCTCAACCA-1,3
AGTACTCTCGGTAT-1,0
AGTAGGCTTGCCTC-1,2
AGTATAACTTGTCT-1,2
AGTATCCTAGAACA-1,0
AGTCACGATGAGCT-1,3
AGTCAGACGAATAG-1,0
AGTCAGACGCTTAG-1,0
AGTCAGACTAGAGA-1,3
AGTCAGACTGCACA-1,0
AGTCCAGATATCTC-1,0
AGTCCAGATTTCAC-1,0
AGTCGAACCAACCA-1,0
AGTCGCCTCCGTAA-1,0
AGTCTACTAGGGTG-1,2
AGTCTACTTGCATG-1,2
AGTCTTACACCACA-1,0
AGTCTTACTTCGCC-1,3
AGTCTTACTTCGGA-1,4
AGTGACTGCAACTG-1,2
AGTGTTCTAACCTG-1,0
AGTGTTCTATAAGG-1,3
AGTGTTCTCACTTT-1,2
AGTTAAACCACTTT-1,0
AGTTATGAACAGTC-1,2
AGTTATGACTGAGT-1,0
AGTTATGAGTTCAG-1,0
AGTTCTACCAGCTA-1,2
AGTTCTTGAAGCCT-1,3
AGTTGTCTACTACG-1,0
AGTTTAGATGGTCA-1,0
AGTTTCACGGTCTA-1,3
AGTTTGCTACAGTC-1,0
AGTTTGCTACTGGT-1,3
AGTTTGCTCCAAGT-1,0
ATAAACACAGTGCT-1,1
ATAAACACCACCAA-1,0
ATAACAACATGCTG-1,2
ATAACAACGTCTAG-1,0
ATAACAACTTTGTC-1,0
ATAACATGTACTCT-1,0
ATAACCCTGTTGGT-1,3
ATAACCCTTGGTAC-1,0
ATAAGTACGAATGA-1,1
ATAAGTTGGTACGT-1,2
ATAAGTTGTCTAGG-1,0
ATAATCGAGCTGAT-1,1
ATAATCGATGGTTG-1,0
ATAATGACCTACTT-1,0
ATAATGACTCGTGA-1,2
ATACAATGTTAGGC-1,0
ATACCACTCGTACA-1,2
ATACCACTCTAAGC-1,2
ATACCACTGCCAAT-1,3
ATACCGGAATGCTG-1,2
ATACCGGACATTTC-1,2
ATACCGGACTTCGC-1,0
ATACCGGAGGTGTT-1,2
ATACCGGATCTCGC-1,0
ATACCTACGCATCA-1,0
ATACCTTGGGGCAA-1,0
ATACGGACAGACTC-1,2
ATACGGACCTACTT-1,2
ATACGGACGAGGTG-1,1
ATACGGACTATGCG-1,1
ATACGGACTCTGGA-1,2
ATACGTCTTAACGC-1,2
ATACTCTGCTTCGC-1,2
ATACTCTGGTATGC-1,3
ATAGATACCATGGT-1,0
ATAGATACGACGAG-1,0
ATAGATTGGTGTAC-1,1
ATAGCCGAACGGAG-1,0
ATAGCGTGCAGATC-1,0
ATAGCGTGCCCTTG-1,2
ATAGCGTGGTATCG-1,2
ATAGCGTGTCTCTA-1,0
ATAGCTCTCTGATG-1,0
ATAGCTCTGAGGTG-1,0
ATAGGAGAAACAGA-1,2
ATAGGCTGTCAGAC-1,0
ATAGTCCTAGTGTC-1,2
ATAGTCCTTGCATG-1,3
ATAGTCCTTGTCGA-1,0
ATAGTTGACAACTG-1,0
ATAGTTGACCCTCA-1,2
ATAGTTGAGACGTT-1,0
ATAGTTGATAAGCC-1,0
ATATACGAAGCCAT-1,0
ATATACGAATTGGC-1,0
ATATAGTGGAATGA-1,2
ATATGCCTAGATCC-1,2
ATATGCCTGGACAG-1,0
ATATGCCTTCTCTA-1,0
ATATGCCTTGGTAC-1,0
ATCAAATGAGCCTA-1,2
ATCAAATGGGTAAA-1,2
ATCAACCTAAACGA-1,0
ATCAACCTGAGGAC-1,0
ATCAACCTTCTCTA-1,3
ATCAACCTTTGTCT-1,3
ATCACACTTTGTCT-1,0
ATCACGGATTGCTT-1,2
ATCACGGATTTCGT-1,1
ATCATCTGACACCA-1,4
ATCATGCTAGAGTA-1,3
ATCATGCTGAACCT-1,1
ATCCAGGACGCTAA-1,2
ATCCAGGATGGAAA-1,0
ATCCATACTCCTTA-1,2
ATCCATACTTCATC-1,2
ATCCCGTGCAGTCA-1,3
ATCCCGTGCATGCA-1,1
ATCCCGTGGCTGAT-1,1
ATCCGCACGCATCA-1,1
ATCCTAACGACGGA-1,1
ATCCTAACGCTACA-1,0
ATCGACGAAACTGC-1,2
ATCGACGAATGACC-1,0
ATCGAGTGGACGTT-1,3
ATCGCAGAATCTCT-1,2
ATCGCAGAGTGTCA-1,1
ATCGCCACTGAGGG-1,3
ATCGCCTGGGTCAT-1,0
ATCGCCTGTGGCAT-1,1
ATCGCGCTCAGAGG-1,2
ATCGCGCTGGGATG-1,0
ATCGCGCTTTTCGT-1,1
ATCGGAACCAGTCA-1,0
ATCGGTGAGTCAAC-1,0
ATCGGTGATTGCAG-1,0
ATCGTTTGCCTACC-1,2
ATCGTTTGGGTACT-1,2
ATCGTTTGTGCCAA-1,2
ATCTACACCCGCTT-1,2
ATCTACACCGGGAA-1,0
ATCTCAACAGGAGC-1,1
ATCTCAACCTCGAA-1,0
ATCTCAACCTTGTT-1,2
ATCTGGGAAACCAC-1,2
ATCTGGGAAGTGTC-1,2
ATCTGGGATTCCGC-1,3
ATCTGTTGAACGGG-1,0
ATCTGTTGACCTCC-1,0
ATCTGTTGCCTTCG-1,2
ATCTGTTGGTTGCA-1,0
ATCTTGACACCAAC-1,0
ATCTTGACCTCCCA-1,2
ATCTTTCTGCATCA-1,3
ATCTTTCTGTTTCT-1,3
ATCTTTCTTGTCCC-1,3
ATGAAACTCTGTGA-1,0
ATGAAACTGAGGCA-1,0
ATGAAGGAACAGCT-1,3
ATGAAGGACCTGTC-1,1
ATGAAGGACCTTAT-1,1
ATGAAGGACTAGTG-1,1
ATGAAGGACTTGCC-1,3
ATGACGTGACGACT-1,1
ATGACGTGATCGGT-1,2
ATGAGAGAAAGTGA-1,0
ATGAGAGAACGCAT-1,0
ATGAGAGAAGTAGA-1,1
ATGAGCACACAGCT-1,0
ATGAGCACATCTTC-1,0
ATGATAACTTCACT-1,3
ATGATATGAAACAG-1,0
ATGATATGACTGGT-1,0
ATGATATGAGCACT-1,0
ATGATATGGTCATG-1,0
ATGATATGGTGCTA-1,3
ATGATATGTTGTCT-1,2
ATGCACGAATGTCG-1,1
ATGCACGACTGTAG-1,0
ATGCACGAGAACCT-1,1
ATGCACGAGTTCGA-1,0
ATGCACGATTGGTG-1,2
ATGCAGTGTTACCT-1,1
ATGCAGTGTTCTAC-1,0
ATGCCAGAACGACT-1,0
ATGCCAGACAGTCA-1,2
ATGCCGCTTGAACC-1,2
ATGCGATGCTATGG-1,2
ATGCGATGCTGAGT-1,0
ATGCGATGGTTACG-1,1
ATGCGCCTTCATTC-1,0
ATGCTTTGCGAATC-1,0
ATGCTTTGGGCGAA-1,3
ATGCTTTGTAGTCG-1,1
ATGGACACATCGGT-1,0
ATGGACACGCATCA-1,3
ATGGGTACAACCTG-1,1
ATGGGTACATCGGT-1,3
ATGGGTACTATTCC-1,0
ATGGGTACTGGGAG-1,0
ATGTAAACACCTCC-1,0
ATGTAAACCCGCTT-1,0
ATGTAAACGGGATG-1,2
ATGTAAACTCTCCG-1,0
ATGTAAACTTCACT-1,2
ATGTACCTCAGTCA-1,0
ATGTACCTTAGTCG-1,0
ATGTACCTTTATCC-1,2
ATGTACCTTTCACT-1,3
ATGTCACTAATGCC-1,2
ATGTCACTCTGCTC-1,0
ATGTCGGAGGTGAG-1,0
ATGTTCACAGTCTG-1,2
ATGTTCACCGTAGT-1,0
ATGTTGCTTTCAGG-1,0
ATTAACGATGAGAA-1,3
ATTAACGATGCAAC-1,3
ATTAAGACTGCAGT-1,0
ATTACCTGCCTTAT-1,2
ATTACCTGGAGGAC-1,2
ATTACCTGGGCATT-1,1
ATTAGATGTTTCAC-1,0
ATTATGGAATCTCT-1,0
ATTCAAGAACGGGA-1,0
ATTCAAGACCTTTA-1,3
ATTCAGCTCATTGG-1,4
ATTCCAACCATTGG-1,2
ATTCCAACTTAGGC-1,3
ATTCGACTCACTAG-1,0
ATTCGACTGAATAG-1,2
ATTCGACTTTTGTC-1,2
ATTCGGGAAAGGCG-1,2
ATTCGGGATTAGGC-1,0
ATTCTTCTGATACC-1,0
ATTGAATGGACGGA-1,0
ATTGATGAAGGTTC-1,0
ATTGATGACTGAGT-1,0
ATTGATGAGCGAAG-1,0
ATTGATGATCTATC-1,0
ATTGCACTGACGGA-1,0
ATTGCACTGAGAGC-1,2
ATTGCACTGGAGCA-1,2
ATTGCACTTAGCCA-1,0
ATTGCACTTGCTTT-1,2
ATTGCTTGTTACTC-1,1
ATTGGTCTGACTAC-1,1
ATTGGTCTTGTCTT-1,1
ATTGTAGATTCCCG-1,2
ATTGTAGATTGCAG-1,0
ATTGTCTGCGTACA-1,0
ATTTAGGAACCATG-1,2
ATTTAGGACAGAGG-1,0
ATTTCCGAGATGAA-1,0
ATTTCCGAGTGCTA-1,0
ATTTCGTGTATGGC-1,3
ATTTCTCTACTTTC-1,2
ATTTCTCTAGCAAA-1,0
ATTTCTCTCACTTT-1,2
ATTTCTCTTCCCAC-1,0
ATTTGCACAAGATG-1,2
CAAAGCACAGCTCA-1,0
CAAAGCACCGTAAC-1,1
CAAAGCACGGTAAA-1,3
CAAAGCTGAAAGTG-1,3
CAAAGCTGTTGCTT-1,2
CAAATATGTGACAC-1,0
CAAATTGAGGGCAA-1,0
CAAATTGATGGAGG-1,2
CAACCAGAAAAGTG-1,0
CAACCAGAAGTGCT-1,0
CAACCAGAGTTCAG-1,2
CAACCAGATAGAAG-1,2
CAACCGCTGTTCAG-1,0
CAACCGCTTTGAGC-1,0
CAACGATGCGCAAT-1,2
CAACGTGACTCCAC-1,2
CAACGTGAGCCATA-1,3
CAACGTGATCAAGC-1,2
CAAGAAGACCACAA-1,0
CAAGAAGACGTCTC-1,2
CAAGAAGATTCTAC-1,0
CAAGACTGACCTGA-1,1
CAAGACTGAGTAGA-1,1
CAAGCTGACCATAG-1,2
CAAGCTGATCTATC-1,3
CAAGGACTGTTCAG-1,0
CAAGGACTTCTTTG-1,3
CAAGGTTGCTCCAC-1,0
CAAGGTTGTCATTC-1,1
CAAGGTTGTCTGGA-1,3
CAAGTCGAAACAGA-1,1
CAAGTCGATAGCGT-1,2
CAATAAACGCCATA-1,2
CAATAATGAACTGC-1,2
CAATATGACATGGT-1,0
CAATATGACCTTCG-1,3
CAATATGACGTTAG-1,0
CAATATGAGGAGCA-1,0
CAATCGGAGAAACA-1,0
CAATCTACTGACTG-1,3
CAATTCACCCAACA-1,3
CAATTCACGATAGA-1,0
CAATTCACTTGTGG-1,0
CAATTCTGCTTGTT-1,2
CAATTCTGGCGTAT-1,2
CACAACGATACGAC-1,0
CACAATCTTGTTCT-1,3
CACAATCTTTCCAT-1,0
CACACCTGCTTGAG-1,0
CACACCTGTATGGC-1,0
CACAGAACCCTTGC-1,1
CACAGAACCTGATG-1,0
CACAGATGGGATTC-1,0
CACAGATGGTTTCT-1,2
CACAGCCTGATACC-1,0
CACAGCCTTGCCAA-1,2
CACAGCCTTGTAGC-1,0
CACAGTGATGAAGA-1,2
CACATACTACAGCT-1,3
CACATGGAACACGT-1,0
CACATGGAAGTCGT-1,0
CACCACTGCCAACA-1,0
CACCACTGGCGAAG-1,3
CACCCATGTTCTGT-1,3
CACCGGGAATCGAC-1,0
CACCGGGACGAGAG-1,3
CACCGGGACGTGTA-1,0
CACCGGGACTTCTA-1,0
CACCGGGACTTGCC-1,3
CACCGGGATTCGGA-1,3
CACCGTACTAAGGA-1,1
CACCGTACTAGCGT-1,0
CACCTGACACCCAA-1,3
CACCTGACCAGAAA-1,0
CACCTGACCTCAAG-1,3
CACCTGACGAAAGT-1,1
CACCTGACTCGTAG-1,0
CACGAAACTTCCGC-1,1
CACGACCTCGATAC-1,1
CACGCTACAGAAGT-1,0
CACGCTACTGTTCT-1,1
CACGCTACTTGACG-1,2
CACGGGACAGAGTA-1,0
CACGGGACATAAGG-1,0
CACGGGACGTAGGG-1,0
CACGGGTGCTTCGC-1,3
CACGGGTGGAGGAC-1,3
CACGGGTGTGTTTC-1,0
CACTAACTCCTAAG-1,1
CACTAACTGAAAGT-1,0
CACTAGGATGATGC-1,1
CACTATACCCCGTT-1,1
CACTATACGTTTGG-1,3
CACTGAGACAGTCA-1,2
CACTGCACTTCATC-1,0
CACTGCTGAGACTC-1,2
CACTGCTGGAAAGT-1,0
CACTTAACCGAATC-1,0
CACTTAACCGTACA-1,1
CACTTTGACTCTAT-1,3
CACTTTGAGCTGTA-1,3
CAGAAGCTCTCAAG-1,0
CAGACATGAACGGG-1,0
CAGACATGTCGACA-1,0
CAGACCCTAAGGTA-1,2
CAGACCCTAATGCC-1,0
CAGACCCTAGGAGC-1,0
CAGACTGAGTATGC-1,0
CAGATCGAATGTCG-1,1
CAGATCGACCTGAA-1,3
CAGATCGATATGGC-1,0
CAGATGACATTCTC-1,3
CAGCAATGCCTTCG-1,0
CAGCAATGGAGGGT-1,3
CAGCAATGGTGCTA-1,0
CAGCAATGTCTACT-1,2
CAGCAATGTGACCA-1,0
CAGCAATGTGAGGG-1,2
CAGCACCTAAGCCT-1,0
CAGCACCTAGGCGA-1,0
CAGCACCTGTAGGG-1,2
CAGCATGACAACCA-1,2
CAGCATGAGACGTT-1,3
CAGCCTACCCAACA-1,0
CAGCCTTGCTACCC-1,2
CAGCCTTGGGGACA-1,0
CAGCGGACACCCTC-1,0
CAGCGGACCTTTAC-1,3
CAGCGTCTAAAGCA-1,0
CAGCGTCTTATCGG-1,0
CAGCTAGATGTGAC-1,2
CAGCTCTGAGGCGA-1,0
CAGCTCTGCAAGCT-1,3
CAGCTCTGTCGTAG-1,2
CAGCTCTGTGTGGT-1,3
CAGGAACTAACTGC-1,3
CAGGAACTCTCAGA-1,2
CAGGCCGAACACCA-1,0
CAGGCCGAACACGT-1,0
CAGGCCGAACGACT-1,0
CAGGCCGAATCTCT-1,2
CAGGCCGACTAGCA-1,1
CAGGGCACCATACG-1,1
CAGGGCACCCAACA-1,0
CAGGGCACTCCCGT-1,0
CAGGTAACAGACTC-1,2
CAGGTATGAGTCGT-1,3
CAGGTATGTGCTTT-1,0
CAGGTTGAGGATCT-1,1
CAGTGATGGACGGA-1,1
CAGTGATGGCTAAC-1,3
CAGTGATGGGACAG-1,0
CAGTGATGTAAGGA-1,1
CAGTGATGTACGCA-1,1
CAGTGTGAACACGT-1,3
CAGTGTGATGTCAG-1,0
CAGTTACTAAGGTA-1,1
CAGTTACTGATAGA-1,0
CAGTTGGAAAGAGT-1,2
CAGTTGGACATACG-1,0
CAGTTTACACACGT-1,3
CAGTTTACCCCAAA-1,0
CATAAAACGGAGCA-1,2
CATAAATGAACTGC-1,0
CATAACCTTCTCCG-1,0
CATACTACCTCGAA-1,0
CATACTACCTGAAC-1,0
CATACTACGTACCA-1,2
CATACTTGGGTTAC-1,2
CATAGTCTAATCGC-1,0
CATAGTCTCACTTT-1,0
CATATAGACTAAGC-1,2
CATATAGATCAGGT-1,1
CATCAACTAGAAGT-1,0
CATCAACTCCCTCA-1,0
CATCAGGACTTCCG-1,3
CATCAGGATAGCCA-1,3
CATCAGGATCCTAT-1,2
CATCAGGATGCACA-1,2
CATCAGGATTTCGT-1,2
CATCATACCGCATA-1,2
CATCATACGGAGCA-1,1
CATCATACTCAAGC-1,0
CATCGCTGGGATCT-1,0
CATCGCTGTGGCAT-1,1
CATCGGCTATGCTG-1,0
CATCGGCTTTGGCA-1,0
CATCTCCTATGTGC-1,1
CATCTCCTCGAACT-1,2
CATGAGACACGGGA-1,1
CATGAGACGTTGAC-1,3
CATGAGACTCGCCT-1,0
CATGCCACGGGTGA-1,3
CATGCCACTGCCAA-1,0
CATGCGCTAGTCAC-1,2
CATGCGCTCAGATC-1,2
CATGCGCTTTGCAG-1,2
CATGGCCTAGGGTG-1,2
CATGGCCTGTGCAT-1,0
CATGTACTATCGTG-1,3
CATGTTACAGTCGT-1,3
CATGTTACCTGAGT-1,0
CATGTTTGGGGATG-1,2
CATTACACACGGAG-1,1
CATTACACCAACTG-1,3
CATTACACGGAGTG-1,0
CATTACACTACTCT-1,0
CATTAGCTCCACAA-1,2
CATTGACTAGCGGA-1,2
CATTGGGACTCGAA-1,0
CATTGTACAGCGTT-1,0
CATTGTACTCGATG-1,1
CATTGTACTTATCC-1,0
CATTGTACTTTGCT-1,2
CATTGTTGCTAGTG-1,0
CATTTCGACTCTAT-1,3
CATTTCGAGATACC-1,3
CATTTGACCACACA-1,3
CATTTGACCCTGAA-1,3
CATTTGTGACGACT-1,1
CATTTGTGCATTGG-1,0
CATTTGTGCGGAGA-1,0
CATTTGTGGGATCT-1,1
CCAAAGTGCTACGA-1,2
CCAAAGTGTGAGAA-1,2
CCAACCTGAAGTAG-1,3
CCAACCTGACGTAC-1,2
CCAACCTGTTCGCC-1,2
CCAAGAACCCAATG-1,0
CCAAGAACGTAGCT-1,0
CCAAGAACGTGTCA-1,0
CCAAGAACTACTGG-1,3
CCAAGAACTCCTAT-1,1
CCAAGATGTCATTC-1,0
CCAAGATGTTTCAC-1,0
CCAAGTGAGGAACG-1,0
CCAAGTGATCAAGC-1,0
CCAATGGAACAGCT-1,2
CCAATTTGAACGTC-1,2
CCACCATGAACGTC-1,0
CCACCATGATCGGT-1,0
CCACCATGGACGAG-1,2
CCACCATGGGGAGT-1,0
CCACCATGTCCTGC-1,3
CCACTGACCCGCTT-1,2
CCACTGTGGGAAGC-1,2
CCACTGTGTGTAGC-1,0
CCACTTCTCGGGAA-1,2
CCAGAAACCCTGTC-1,1
CCAGAAACGAACTC-1,0
CCAGAAACGGTCTA-1,0
CCAGACCTCTGAGT-1,2
CCAGACCTTGTGGT-1,0
CCAGCACTGCGATT-1,2
CCAGCGGAAAGGCG-1,2
CCAGCGGACGACTA-1,2
CCAGCGGATGGGAG-1,0
CCAGCTACACAGTC-1,0
CCAGCTACCAGCTA-1,1
CCAGGTCTACACCA-1,1
CCAGGTCTAGCATC-1,2
CCAGGTCTATGGTC-1,0
CCAGTCACACTGGT-1,2
CCAGTCACACTGTG-1,1
CCAGTCACGTTGTG-1,0
CCAGTCTGCGGAGA-1,1
CCAGTGCTAACCAC-1,0
CCAGTGCTCGTAGT-1,0
CCATCCGAAAGCAA-1,3
CCATCCGAACGACT-1,3
CCATCCGAAGGTTC-1,1
CCATCCGATTCGCC-1,2
CCATCGTGAACGGG-1,0
CCATCGTGCTAGAC-1,2
CCCAACACCTCGCT-1,1
CCCAACACGCATCA-1,0
CCCAACACTTTGTC-1,2
CCCAACTGCAATCG-1,2
CCCAGACTGCCTTC-1,2
CCCAGACTGGTTTG-1,1
CCCAGACTTTCGCC-1,2
CCCAGTTGCAGTTG-1,2
CCCAGTTGGGTACT-1,0
CCCAGTTGTCTATC-1,1
CCCGATTGTGTTTC-1,3
CCCGGAGAAGGGTG-1,2
CCCTACGAATTGGC-1,2
CCCTAGTGCAAAGA-1,0
CCCTCAGACACTTT-1,1
CCCTCAGACGAGAG-1,0
CCCTCAGAGGTCAT-1,0
CCCTGAACTAAAGG-1,1
CCCTGATGCAACCA-1,0
CCCTGATGCAAGCT-1,1
CCCTTACTAACCAC-1,2
CCCTTACTGCAGTT-1,3
CCGAAAACCTTGTT-1,2
CCGACACTGGTTTG-1,0
CCGACTACCCAGTA-1,2
CCGACTACCGTGTA-1,0
CCGACTACTGAGGG-1,0
CCGATAGACCTAAG-1,0
CCGATAGAGTTGGT-1,2
CCGCGAGACACACA-1,2
CCGCGAGAGGTTCA-1,3
CCGCTATGGGACGA-1,1
CCGCTATGTGCAAC-1,2
CCGCTATGTGCACA-1,2
CCGGTACTGTCCTC-1,0
CCGTACACAAGCAA-1,0
CCGTACACAGCGTT-1,1
CCGTACACGTCATG-1,3
CCGTACACGTTGGT-1,2
CCGTACACTAACGC-1,3
CCTAAACTTTCGTT-1,0
CCTAAGGACCCAAA-1,0
CCTAAGGACTAGCA-1,2
CCTAAGGAGGGCAA-1,3
CCTAAGGATGATGC-1,0
CCTAAGGATGTCAG-1,0
CCTACCGACTCTTA-1,0
CCTACCGAGGGATG-1,1
CCTAGAGAGGTGAG-1,1
CCTATAACCAAAGA-1,0
CCTATAACGAGACG-1,2
CCTATAACTCAGAC-1,0
CCTATAACTGCATG-1,2
CCTCGAACACTTTC-1,3
CCTCGAACCCGTAA-1,2
CCTCGAACGTATCG-1,0
CCTCGAACTTACTC-1,0
CCTCTACTCTTCGC-1,2
CCTCTACTGGCATT-1,0
CCTGACTGAAGTAG-1,3
CCTGACTGGGGAGT-1,0
CCTGACTGTGTCTT-1,1
CCTGCAACACGTTG-1,2
CCTGGACTCGTGAT-1,0
CCTTAATGCCCAAA-1,1
CCTTAATGTTCTAC-1,2
CCTTCACTACGACT-1,0
CCTTCACTCAGTCA-1,1
CCTTCACTGGAGTG-1,2
CCTTTAGATTCATC-1,2
CGAACATGCCCTAC-1,2
CGAACATGTCAGAC-1,0
CGAAGACTGGAACG-1,3
CGAAGACTGTTACG-1,0
CGAAGGGAAACCTG-1,3
CGAAGGGATCCGAA-1,1
CGAAGTACCAACTG-1,1
CGAATCGAGGAGCA-1,2
CGAATCGAGGAGGT-1,0
CGACAAACCCATAG-1,0
CGACAAACCGACAT-1,1
CGACCACTAAAGTG-1,3
CGACCACTGCCAAT-1,3
CGACCGGAAGGTCT-1,0
CGACCGGATGGAAA-1,0
CGACCTTGCTAGTG-1,0
CGACCTTGGCAAGG-1,0
CGACGTCTATCGTG-1,3
CGACGTCTCGTGTA-1,0
CGACGTCTGAGGCA-1,0
CGACTCACGTCGTA-1,0
CGACTCACGTTGCA-1,3
CGACTCTGTGTGAC-1,0
CGACTGCTTCCTCG-1,2
CGAGAACTAAGGCG-1,3
CGAGAACTACGTTG-1,0
CGAGAACTTGTTCT-1,2
CGAGATTGGACACT-1,3
CGAGATTGGCCATA-1,3
CGAGCCGAACACCA-1,0
CGAGCCGACGACAT-1,3
CGAGCCGAGGCGAA-1,0
CGAGCGTGCTCCAC-1,3
CGAGCGTGGATACC-1,0
CGAGCGTGTATGCG-1,2
CGAGGAGACCTCCA-1,1
CGAGGAGATGTCGA-1,0
CGAGGCACCTATGG-1,3
CGAGGCACTATGCG-1,2
CGAGGCACTCTTCA-1,3
CGAGGCTGACGCTA-1,3
CGAGGCTGGCAGTT-1,2
CGAGGGCTACGACT-1,1
CGAGGGCTCGAATC-1,3
CGAGTATGTCACCC-1,2
CGATACGAACAGTC-1,2
CGATACGACAGGAG-1,1
CGATACGATTCACT-1,1
CGATAGACCCGTAA-1,2
CGATAGACCGTACA-1,0
CGATAGACGTAGGG-1,2
CGATAGACTGTTCT-1,0
CGATCAGAAGAACA-1,3
CGATCAGAGAGGGT-1,0
CGATCAGAGGTACT-1,0
CGATCAGATGTGAC-1,2
CGATCCACCGGGAA-1,3
CGATCCACTTCCAT-1,1
CGCAAATGCTCGAA-1,0
CGCAACCTCCTTGC-1,0
CGCAACCTGGACGA-1,0
CGCACGGAGGACGA-1,1
CGCACGGATCTTTG-1,0
CGCACTACAGAATG-1,0
CGCACTACAGCCAT-1,0
CGCACTACATTGGC-1,0
CGCACTACTCGCCT-1,1
CGCACTACTCGTGA-1,3
CGCACTTGTCACGA-1,2
CGCAGGACAGATCC-1,3
CGCAGGACCTACTT-1,0
CGCAGGACTTGTCT-1,2
CGCAGGTGCACTGA-1,0
CGCAGGTGCCATAG-1,2
CGCAGGTGGGAACG-1,0
CGCATAGATCACGA-1,2
CGCCATACTGCAAC-1,0
CGCCATTGAGAGGC-1,0
CGCCATTGCTATGG-1,0
CGCCATTGGAGACG-1,0
CGCCATTGGAGCAG-1,1
CGCCATTGTACTGG-1,1
CGCCGAGAGCTTAG-1,3
CGCCTAACGAATGA-1,2
CGCCTAACTGCTCC-1,0
CGCGAGACACAGCT-1,3
CGCGAGACAGGTCT-1,1
CGCGAGACGCTACA-1,0
CGCGATCTCAGTCA-1,2
CGCGATCTGTTGAC-1,2
CGCGATCTTTCTTG-1,1
CGCGGATGGCCAAT-1,0
CGCTAAGAATGTCG-1,0
CGCTAAGACAACTG-1,0
CGCTAAGACCCTTG-1,0
CGCTACTGAACAGA-1,2
CGCTACTGAGAACA-1,0
CGCTACTGTGAGCT-1,0
CGCTACTGTTCCCG-1,3
CGCTCATGCATTTC-1,2
CGGAATTGCACTAG-1,0
CGGAATTGGTTTGG-1,0
CGGAATTGTGGAGG-1,0
CGGACCGATGCGTA-1,3
CGGACCGATGGGAG-1,0
CGGACTCTAAACAG-1,1
CGGACTCTCCAATG-1,0
CGGACTCTCCTCGT-1,3
CGGAGGCTATTCCT-1,0
CGGAGGCTTGGATC-1,0
CGGATAACAACGAA-1,2
CGGATAACAGCTCA-1,0
CGGATAACTCAGTG-1,2
CGGCACGAACTCAG-1,3
CGGCACGAAGGGTG-1,0
CGGCACGACTACGA-1,2
CGGCATCTTAGAAG-1,0
CGGCATCTTCGTAG-1,2
CGGCCAGAAAGGTA-1,0
CGGCCAGAGAGGCA-1,3
CGGCGAACCAGTCA-1,2
CGGCGAACGACAAA-1,3
CGGCGAACGGTCTA-1,0
CGGCGAACTACTTC-1,3
CGGGACTGCGTGTA-1,0
CGGGACTGGAATAG-1,3
CGGGCATGACCCAA-1,3
CGGGCATGTCTCTA-1,3
CGGGCATGTTGTGG-1,0
CGGTAAACTCGCAA-1,0
CGGTCACTGTTTGG-1,0
CGGTCACTTACTTC-1,0
CGTAACGAATCAGC-1,0
CGTAACGATCGCCT-1,0
CGTACCACACACAC-1,0
CGTACCACACGTTG-1,0
CGTACCACCTCATT-1,0
CGTACCACGCTACA-1,3
CGTACCACGGAGCA-1,3
CGTACCTGGACGAG-1,2
CGTACCTGGCATCA-1,3
CGTAGCCTCTCTCG-1,2
CGTAGCCTGCGAAG-1,0
CGTAGCCTGTATGC-1,2
CGTCAAGAAAGGTA-1,2
CGTCAAGAACGTGT-1,0
CGTCAAGACAGAGG-1,0
CGTCAAGACAGGAG-1,3
CGTCCATGCTCTTA-1,0
CGTCGACTTTCCGC-1,3
CGTGATGACGCTAA-1,0
CGTGATGAGGTTCA-1,0
CGTGCACTTATGGC-1,2
CGTGTAGAAAAACG-1,0
CGTGTAGACGATAC-1,3
CGTGTAGAGTTACG-1,3
CGTGTAGAGTTCAG-1,2
CGTGTAGATTCGGA-1,3
CGTTAGGAAACCAC-1,0
CGTTAGGATCATTC-1,2
CGTTATACCCTGAA-1,3
CGTTTAACTGGTCA-1,0
CTAAACCTCTGACA-1,3
CTAAACCTGTGCAT-1,1
CTAACACTAACGTC-1,0
CTAACACTAGTGCT-1,2
CTAACGGAACCGAT-1,3
CTAACGGATTTCTG-1,0
CTAACTACGGCAAG-1,3
CTAAGGACACCATG-1,0
CTAAGGACCGTTAG-1,0
CTAAGGACGCCATA-1,2
CTAAGGTGCCTAAG-1,1
CTAAGGTGTTGCAG-1,0
CTAAGGTGTTTCTG-1,0
CTAATAGAGCTATG-1,0
CTAATGCTTGTGGT-1,2
CTACAACTCCCGTT-1,3
CTACCTCTCAACCA-1,0
CTACGCACACCTAG-1,2
CTACGCACTCTCCG-1,0
CTACGCACTGGTCA-1,3
CTACGGCTTTCTTG-1,2
CTACTATGAACCAC-1,2
CTACTATGATGTGC-1,2
CTACTATGCTAAGC-1,0
CTACTATGTAAAGG-1,1
CTACTCCTATGTCG-1,3
CTACTCCTGCCATA-1,2
CTAGAGACACTTTC-1,0
CTAGAGACAGCATC-1,3
CTAGAGACTTTGGG-1,2
CTAGATCTCTCTAT-1,0
CTAGATCTTCGACA-1,0
CTAGGATGAGCCTA-1,1
CTAGGATGATCGTG-1,1
CTAGGCCTCTCAGA-1,0
CTAGGTGATGGTTG-1,2
CTAGTTACCAGAGG-1,0
CTAGTTACCGCATA-1,0
CTAGTTACGAAACA-1,3
CTAGTTTGAGTACC-1,3
CTATAAGATCGTTT-1,1
CTATACTGAGGTTC-1,2
CTATACTGCCAGTA-1,0
CTATACTGCGCTAA-1,2
CTATACTGCTACGA-1,3
CTATACTGTCTCAT-1,3
CTATACTGTTCGTT-1,2
CTATAGCTGTCACA-1,0
CTATAGCTTCGCTC-1,2
CTATAGCTTGCCTC-1,2
CTATCAACGAACTC-1,0
CTATCAACGCAGAG-1,0
CTATCAACTTTGGG-1,0
CTATCCCTCCACCT-1,2
CTATGTACGAGAGC-1,0
CTATGTACGCTTAG-1,0
CTATGTACTGTTTC-1,1
CTATGTTGAAAGCA-1,0
CTATGTTGTCCTCG-1,0
CTATGTTGTCTCGC-1,0
CTATTGACAAACGA-1,2
CTATTGACACTGGT-1,2
CTATTGACGGTGAG-1,2
CTATTGTGGCAAGG-1,0
CTCAATTGGTTCAG-1,0
CTCAATTGGTTGCA-1,2
CTCAGAGATAGAAG-1,0
CTCAGCACTCTAGG-1,0
CTCAGCACTGAACC-1,2
CTCAGCACTTGCAG-1,0
CTCAGCTGAACCTG-1,2
CTCAGCTGCAGTTG-1,3
CTCAGCTGTTTCTG-1,3
CTCAGGCTCGTTGA-1,2
CTCAGGCTGCTAAC-1,0
CTCATTGACCTTAT-1,0
CTCATTGATGCTTT-1,2
CTCATTGATTGCTT-1,2
CTCCACGAGAGATA-1,2
CTCCATCTCTTAGG-1,0
CTCCATCTGACGAG-1,0
CTCCGAACAAGTGA-1,2
CTCCTACTGCCTTC-1,2
CTCGAAGATGTGGT-1,0
CTCGAAGATTAGGC-1,2
CTCGACTGCTCTAT-1,0
CTCGACTGGGTGAG-1,0
CTCGACTGGTTGAC-1,3
CTCGAGCTCTGGAT-1,3
CTCGCATGACTTTC-1,3
CTCGCATGCTTAGG-1,0
CTCTAAACCTCGAA-1,0
CTCTAAACGGCGAA-1,0
CTCTAATGTCCAAG-1,2
CTGAACGACAGTCA-1,0
CTGAACGATGAGGG-1,0
CTGAAGACCCAACA-1,0
CTGAAGACGTGCAT-1,1
CTGAAGTGAAGCCT-1,2
CTGAAGTGCAGCTA-1,1
CTGAAGTGGCTATG-1,0
CTGAAGTGTCCAGA-1,0
CTGAATCTGAATAG-1,0
CTGACAGAATCGTG-1,3
CTGACCACAGCAAA-1,0
CTGAGAACCGGGAA-1,0
CTGAGAACGTAAAG-1,3
CTGATACTAGTAGA-1,0
CTGATTTGGTGTTG-1,2
CTGCAGCTAACCGT-1,0
CTGCAGCTGACACT-1,0
CTGCAGCTGGATTC-1,2
CTGCAGCTTGGCAT-1,0
CTGCCAACAGGAGC-1,0
CTGCCAACCAGCTA-1,0
CTGCCAACTAACCG-1,2
CTGCCAACTGCTCC-1,3
CTGCCAACTTGCAG-1,0
CTGCCAACTTGCTT-1,3
CTGCGACTCCACCT-1,3
CTGGAAACAAACGA-1,3
CTGGAAACATCGAC-1,0
CTGGATGACTGGAT-1,3
CTGGATGACTTGTT-1,0
CTGGATGATGTGAC-1,1
CTGGCACTCAAGCT-1,2
CTGGCACTGGACAG-1,3
CTGTAACTAACCAC-1,0
CTGTAACTAGCGTT-1,0
CTGTATACGTAAAG-1,3
CTGTATACGTACGT-1,2
CTGTATACGTTGGT-1,0
CTGTGAGACAACCA-1,2
CTGTGAGACCTTGC-1,3
CTGTGAGACGAACT-1,2
CTGTGAGACTGTAG-1,2
CTTAAAGAACCTGA-1,0
CTTAACACCTGTAG-1,0
CTTAACACGAGCTT-1,0
CTTAACACTATCGG-1,1
CTTAAGCTACCTAG-1,0
CTTAAGCTAGTACC-1,0
CTTAAGCTCATCAG-1,0
CTTAAGCTCCGCTT-1,1
CTTAAGCTTCCTCG-1,3
CTTACAACTAACGC-1,0
CTTACAACTCCCGT-1,2
CTTACTGACGTACA-1,0
CTTAGACTAAACGA-1,0
CTTAGGGACTTGCC-1,0
CTTAGGGAGAATCC-1,0
CTTATCGACTCATT-1,0
CTTCACCTACCTGA-1,2
CTTCATGAAGCATC-1,1
CTTCATGAAGTACC-1,0
CTTCATGACCGAAT-1,3
CTTGAACTACGCAT-1,0
CTTGATTGAGGTTC-1,3
CTTGATTGATCTTC-1,2
CTTGATTGCATTCT-1,0
CTTGATTGTTTCGT-1,0
CTTGTATGACACCA-1,1
CTTGTATGCGCAAT-1,1
CTTTACGAGCGAAG-1,0
CTTTAGACCGTGAT-1,0
CTTTAGACGAGACG-1,0
CTTTAGACGATACC-1,0
CTTTAGACGTTGGT-1,3
CTTTAGACTCATTC-1,3
CTTTAGTGACGGGA-1,3
CTTTAGTGGGTGGA-1,0
CTTTCAGAGAAACA-1,0
CTTTGATGAGCACT-1,0
CTTTGATGTCTAGG-1,3
CTTTGATGTGTCCC-1,0
CTTTGATGTGTGGT-1,0
GAAACAGAACTACG-1,0
GAAACAGAATCACG-1,0
GAAACAGACATTCT-1,0
GAAACCTGATCGTG-1,0
GAAACCTGATGCCA-1,0
GAAACCTGCTTATC-1,0
GAAACCTGGACTAC-1,2
GAAACCTGTGCTAG-1,0
GAAAGATGATTTCC-1,0
GAAAGATGCTGATG-1,2
GAAAGATGCTTCGC-1,2
GAAAGATGTAAGGA-1,0
GAAAGATGTTTGCT-1,3
GAAAGCCTACGTTG-1,1
GAAAGTGAAAGTGA-1,2
GAAAGTGACCACAA-1,2
GAAAGTGACTCAAG-1,0
GAAATACTACCAAC-1,2
GAAATACTCTTAGG-1,1
GAAATACTTCCTCG-1,0
GAACACACGTGCAT-1,2
GAACACACTGCCTC-1,0
GAACAGCTAACTGC-1,2
GAACAGCTCTCAGA-1,2
GAACCAACCACAAC-1,3
GAACCAACTTCCGC-1,3
GAACCTGAACGTGT-1,3
GAACCTGAGAGACG-1,0
GAACCTGATGAACC-1,0
GAACGGGATACTTC-1,0
GAACGTTGACGGAG-1,3
GAACTGTGACCTGA-1,2
GAACTGTGCCAGTA-1,2
GAAGAATGCAATCG-1,0
GAAGCGGACCTATT-1,2
GAAGCTACGAATGA-1,2
GAAGCTACGGTTTG-1,0
GAAGGGTGAAAGTG-1,0
GAAGGGTGCTTAGG-1,2
GAAGGTCTGAAAGT-1,0
GAAGGTCTGTTGCA-1,0
GAAGGTCTTAAAGG-1,2
GAAGTAGACTCCCA-1,3
GAAGTAGATCCAAG-1,2
GAAGTCACCCTCGT-1,2
GAAGTCACCCTGTC-1,1
GAAGTCTGTCGCAA-1,1
GAAGTCTGTTCTGT-1,0
GAAGTGCTAAACGA-1,3
GAAGTGCTCCGCTT-1,2
GAAGTGCTTAACCG-1,0
GAATGCACCCTAAG-1,0
GAATGCACCTTCGC-1,3
GAATGCTGCGGTAT-1,0
GAATGGCTAAGATG-1,0
GAATTAACGATAAG-1,0
GAATTAACGGTCAT-1,0
GAATTAACGTCGTA-1,3
GAATTAACTGAAGA-1,1
GACAACACAGGCGA-1,0
GACAACACATCGTG-1,0
GACAACACTCGCCT-1,0
GACAACTGAGGTTC-1,0
GACAGGGAAGAGTA-1,1
GACAGGGAATGCCA-1,0
GACAGTACGAGCTT-1,2
GACAGTACTTCGGA-1,2
GACAGTTGAGTAGA-1,1
GACATTCTCCACCT-1,2
GACCAAACGACTAC-1,2
GACCAAACGTATCG-1,2
GACCATGACTCTCG-1,2
GACCCTACTAAAGG-1,1
GACCTAGACCTCAC-1,3
GACCTAGACGAGAG-1,0
GACCTCACAAGGTA-1,0
GACCTCACGTACGT-1,2
GACCTCTGCATCAG-1,0
GACGAACTCCCACT-1,0
GACGATTGCCAATG-1,1
GACGCCGACCTTCG-1,0
GACGCTCTCTCTCG-1,4
GACGGCACACGGGA-1,3
GACGGCACGAGATA-1,2
GACGTAACCTATGG-1,0
GACGTAACCTGTGA-1,0
GACGTAACTATGGC-1,0
GACGTATGTTGACG-1,0
GACGTATGTTTGCT-1,0
GACGTCCTACGGAG-1,0
GACGTCCTCTCAAG-1,2
GACGTCCTGATAAG-1,1
GACTACGATGGTCA-1,1
GACTCCTGCTCGCT-1,0
GACTCCTGGGTTAC-1,0
GACTCCTGTTATCC-1,0
GACTCCTGTTGGTG-1,2
GACTGAACAACCGT-1,1
GACTGAACCAATCG-1,2
GACTGATGTGATGC-1,0
GACTTTACATGCCA-1,0
GACTTTACGACAGG-1,1
GAGAAATGTTCTCA-1,1
GAGATAGAAAAAGC-1,2
GAGATCACGACAAA-1,2
GAGATGCTCTGGAT-1,3
GAGATGCTGAATGA-1,0
GAGCAGGATTCCCG-1,3
GAGCATACTTTGCT-1,2
GAGCGCACGCGTAT-1,2
GAGCGCACGGTGAG-1,3
GAGCGCTGAAGATG-1,3
GAGCGCTGTCTTAC-1,2
GAGCGGCTGGGAGT-1,1
GAGGACGACTCAGA-1,3
GAGGATCTGAAAGT-1,1
GAGGCAGACTTGCC-1,3
GAGGGAACACCAGT-1,0
GAGGGAACGAGGGT-1,0
GAGGGATGGGAAAT-1,0
GAGGGCCTTCACCC-1,0
GAGGGTGAAGAGTA-1,0
GAGGTACTACGGTT-1,0
GAGGTACTACTCAG-1,2
GAGGTACTGACACT-1,3
GAGGTACTGGGAGT-1,0
GAGGTACTTAGCGT-1,2
GAGGTGGAGTACGT-1,0
GAGGTGGATCCTCG-1,3
GAGGTTACTCGTTT-1,2
GAGGTTTGTAAGCC-1,2
GAGTCAACCATTCT-1,0
GAGTCAACGGGAGT-1,0
GAGTCTGATCGTGA-1,0
GAGTCTGATTTGGG-1,1
GAGTGACTCAGCTA-1,0
GAGTGACTCGGTAT-1,3
GAGTGACTCTTGCC-1,1
GAGTGACTGACTAC-1,1
GAGTGACTGTCTAG-1,0
GAGTGGGAGTCTTT-1,1
GAGTGGGATGCCCT-1,0
GAGTGGGATGCTGA-1,1
GAGTGTTGCTGTAG-1,0
GAGTGTTGTGGTCA-1,0
GAGTTGTGCATGGT-1,2
GAGTTGTGCTGAGT-1,3
GAGTTGTGGCGAGA-1,2
GAGTTGTGGTAGCT-1,4
GAGTTGTGTATGCG-1,2
GATAAGGAGAAACA-1,2
GATAAGGATTCACT-1,2
GATACTCTATCGGT-1,0
GATACTCTTACTTC-1,0
GATACTCTTGACTG-1,2
GATAGAGAAGGGTG-1,3
GATAGAGACTGTGA-1,0
GATAGAGATCACGA-1,2
GATAGCACCCATAG-1,0
GATAGCACGAAGGC-1,2
GATAGCACTTGTCT-1,0
GATATAACAAGGTA-1,0
GATATAACACGCAT-1,0
GATATATGCTGGAT-1,0
GATATATGTCCGTC-1,3
GATATATGTGGAGG-1,2
GATATCCTAGAAGT-1,0
GATATCCTCCCGTT-1,2
GATATTGACAGGAG-1,0
GATATTGACGAGTT-1,2
GATATTGAGCCAAT-1,0
GATCCCTGACCTTT-1,3
GATCCCTGTGTAGC-1,3
GATCCGCTGGTCAT-1,2
GATCGAACCGAGAG-1,0
GATCGATGACTAGC-1,1
GATCGATGGTAAAG-1,1
GATCGATGTAAGGA-1,2
GATCGTGACACTAG-1,0
GATCGTGATTCACT-1,0
GATCTACTGGTGAG-1,3
GATCTACTTTGCAG-1,1
GATCTTACACCCAA-1,2
GATCTTACCCTACC-1,0
GATCTTACGAATAG-1,2
GATCTTACGAGATA-1,2
GATGCAACTCCAGA-1,0
GATGCCCTACGTAC-1,0
GATGCCCTCTCATT-1,0
GATGCCCTGGCAAG-1,2
GATGCCCTTTTGCT-1,0
GATTACCTTGTTCT-1,0
GATTCGGAACGACT-1,0
GATTCGGACAGGAG-1,2
GATTCGGAGAAGGC-1,2
GATTCTTGATTCGG-1,2
GATTCTTGCCGATA-1,0
GATTCTTGCGAGTT-1,1
GATTGGACCCGTTC-1,1
GATTGGACGGTGTT-1,1
GATTGGACTTTCGT-1,1
GATTGGTGTGTCAG-1,0
GATTTAGACACTCC-1,2
GATTTAGACTAAGC-1,1
GATTTAGATTCGTT-1,2
GATTTGCTAACGAA-1,0
GATTTGCTAACGGG-1,2
GCAACCCTCCTCGT-1,2
GCAACTGATTGCGA-1,0
GCAAGACTACTGGT-1,0
GCAAGACTAGGTCT-1,0
GCAAGACTCCCTTG-1,0
GCAATCGACTGCAA-1,3
GCAATCGAGACGTT-1,2
GCAATCGATCCTTA-1,2
GCAATTCTCGTGTA-1,0
GCAATTCTTCTCCG-1,0
GCACAAACAATGCC-1,3
GCACAAACGGTACT-1,0
GCACAATGGTGCAT-1,2
GCACACCTGTGCTA-1,3
GCACCACTCATGAC-1,2
GCACCACTGTTTGG-1,2
GCACCACTTCCTTA-1,3
GCACCACTTTCGGA-1,2
GCACCTACGCGATT-1,0
GCACCTTGGCTGTA-1,0
GCACCTTGGGGAGT-1,2
GCACGGACCAGCTA-1,0
GCACGGTGACCTCC-1,0
GCACGGTGCTATGG-1,2
GCACTAGAACGGGA-1,0
GCACTAGAAGATGA-1,1
GCACTAGACCTTTA-1,2
GCACTAGACGTAAC-1,1
GCACTAGAGTCGTA-1,3
GCACTAGATGCAAC-1,0
GCACTGCTGAGGCA-1,0
GCAGATACAGCGTT-1,3
GCAGATACGACGGA-1,0
GCAGATACGCAGAG-1,0
GCAGCCGACAGTCA-1,0
GCAGCGTGCACTCC-1,0
GCAGCTCTCAATCG-1,0
GCAGCTCTGTTTCT-1,0
GCAGGGCTAAGAAC-1,0
GCAGGGCTAAGGGC-1,0
GCAGGGCTATCGAC-1,3
GCAGGGCTTGGGAG-1,0
GCAGTCCTAACTGC-1,0
GCAGTCCTCTCTTA-1,0
GCATCAGATGCGTA-1,3
GCATGTGACAAGCT-1,0
GCATTGGAGAAGGC-1,0
GCCAAAACGAGGCA-1,3
GCCAAATGATCGAC-1,0
GCCAACCTACGGTT-1,0
GCCAACCTCGCCTT-1,0
GCCACGGAGGCGAA-1,2
GCCACGGATACTGG-1,0
GCCACTACCTACTT-1,1
GCCACTACGTCTTT-1,0
GCCCAACTACCGAT-1,0
GCCCAACTATGGTC-1,3
GCCCATACAGCGTT-1,1
GCCGACGAACTCTT-1,2
GCCGAGTGCGTTGA-1,0
GCCGGAACGAACTC-1,3
GCCGGAACGTTCTT-1,3
GCCGGAACTGCACA-1,3
GCCGGAACTTACTC-1,0
GCCGTACTACCTGA-1,0
GCCGTACTGGCAAG-1,2
GCCTACACAGTTCG-1,3
GCCTACACCACTGA-1,2
GCCTACACCTTGAG-1,0
GCCTAGCTACGGAG-1,1
GCCTAGCTCTATTC-1,0
GCCTAGCTTCTCAT-1,0
GCCTAGCTTCTCTA-1,2
GCCTCAACCATGGT-1,0
GCCTCAACTCTTTG-1,1
GCCTCATGTCTTAC-1,0
GCCTGACTCTCAAG-1,2
GCGAAGGAACTCTT-1,3
GCGAAGGAGAGCTT-1,1
GCGAAGGATGCCAA-1,0
GCGAGAGAGGGACA-1,0
GCGAGCACTGTCGA-1,1
GCGAGCACTTGACG-1,0
GCGAGCACTTGCTT-1,2
GCGATATGGTACGT-1,0
GCGATATGGTGTTG-1,0
GCGCACGAAGTCGT-1,0
GCGCACGACTTTAC-1,2
GCGCATCTAGGTCT-1,0
GCGCATCTGGTTAC-1,1
GCGCATCTTCGATG-1,0
GCGCATCTTGCTCC-1,3
GCGCATCTTTCTAC-1,0
GCGCGAACGTTCTT-1,1
GCGCGATGAACGGG-1,0
GCGCGATGGTGCAT-1,3
GCGGAGCTCCTGAA-1,0
GCGGCAACCCGATA-1,0
GCGGCAACGGAGGT-1,1
GCGGCAACTGTCGA-1,2
GCGTAAACACGGTT-1,2
GCGTAATGCACCAA-1,2
GCGTATGAACACCA-1,0
GCGTATGATGAGAA-1,2
GCTACAGAAAGGTA-1,0
GCTACAGAATCTTC-1,1
GCTACAGATCTTAC-1,0
GCTACCTGAGAAGT-1,2
GCTACCTGATCACG-1,0
GCTACGCTAGAATG-1,0
GCTACGCTAGCTAC-1,0
GCTACGCTCCCTAC-1,0
GCTAGAACAGAGGC-1,1
GCTAGAACGGATCT-1,0
GCTAGAACTCCCGT-1,0
GCTAGATGAGCTCA-1,2
GCTAGATGGCGATT-1,0
GCTATACTAAGGCG-1,0
GCTATACTAGCGTT-1,3
GCTATACTCTCTTA-1,0
GCTATACTGGACGA-1,0
GCTCAAGAACCATG-1,2
GCTCAAGAAGTCAC-1,2
GCTCAGCTGTCTAG-1,0
GCTCCATGAGAAGT-1,3
GCTCCATGCCGAAT-1,0
GCTCGACTCTAGTG-1,2
GCTGATGAGGTATC-1,2
GCTTAACTACAGTC-1,2
GCTTAACTACTGGT-1,3
GCTTAACTGCTGAT-1,0
GCTTAACTTAGACC-1,2
GCTTAACTTCAGTG-1,0
GGAACACTCACTTT-1,2
GGAACACTTCAGAC-1,4
GGAACTACTACTTC-1,0
GGAACTTGAAGGTA-1,2
GGAACTTGAGAATG-1,0
GGAACTTGCTCCAC-1,2
GGAACTTGGGTAGG-1,1
GGAAGGACATCGGT-1,2
GGAAGGACCACTAG-1,0
GGAAGGACGAGGGT-1,0
GGAAGGACGCGAAG-1,3
GGAAGGTGGCGAGA-1,3
GGAATCTGAAGGGC-1,0
GGAATCTGAGGAGC-1,0
GGAATCTGCTTAGG-1,1
GGAATCTGCTTGTT-1,2
GGAATCTGGGAGGT-1,0
GGAATGCTTTCTAC-1,0
GGACAGGAAAGGGC-1,0
GGACAGGAGTGCTA-1,1
GGACAGGATCTCGC-1,0
GGACCCGAAGCTAC-1,2
GGACCGTGCTTACT-1,2
GGACCGTGGGAACG-1,2
GGACCGTGTAACGC-1,0
GGACCTCTGTAAGA-1,2
GGACCTCTTTTCTG-1,3
GGACGAGAGTGTCA-1,2
GGACGCTGACGCAT-1,3
GGACGCTGCTAGCA-1,0
GGACGCTGTCCTCG-1,3
GGAGAGACGTGAGG-1,1
GGAGCAGATTCAGG-1,1
GGAGCCACCTTCTA-1,1
GGAGCGCTACGCAT-1,2
GGAGCGCTCCGAAT-1,0
GGAGGATGCCACCT-1,0
GGAGGATGGTTGAC-1,2
GGAGGATGTCAGTG-1,2
GGAGGCCTCGTTGA-1,3
GGAGGCCTTTCTTG-1,0
GGAGGTGATACGCA-1,0
GGAGGTGATCGCTC-1,0
GGATACTGCAGCTA-1,0
GGATACTGTCTAGG-1,0
GGATAGCTCGTCTC-1,0
GGATAGCTCTGAAC-1,3
GGATGTACCAAAGA-1,1
GGATGTACGCGAAG-1,0
GGATGTACGTCTTT-1,2
GGATGTACGTGTCA-1,3
GGATTTCTAGGTTC-1,0
GGATTTCTTTGTCT-1,2
GGCAAGGAAAAAGC-1,3
GGCAAGGAAGAAGT-1,0
GGCAAGGACTTGGA-1,2
GGCAAGGAGGACTT-1,0
GGCAATACGCTAAC-1,1
GGCAATACGGCATT-1,3
GGCAATACGTTTCT-1,1
GGCACGTGGCTTAG-1,2
GGCACGTGTGAGAA-1,1
GGCACTCTTTTGTC-1,0
GGCATATGCTTATC-1,3
GGCATATGGGGAGT-1,4
GGCATATGTGTGAC-1,0
GGCCACGACAGAGG-1,0
GGCCAGACTGGTTG-1,0
GGCCCAGAAAGTAG-1,2
GGCCGAACAACGAA-1,0
GGCCGAACGCAGAG-1,0
GGCCGAACGTAGGG-1,0
GGCCGAACTCTAGG-1,3
GGCCGATGCAGGAG-1,0
GGCCGATGCCGAAT-1,0
GGCCGATGTACTCT-1,3
GGCGACACTGCCCT-1,3
GGCGACTGCGTAAC-1,0
GGCGCATGCCTAAG-1,2
GGCGCATGCTCCAC-1,0
GGCGCATGTGGAAA-1,0
GGCGGACTAGAGGC-1,0
GGCGGACTAGGAGC-1,3
GGCGGACTCTGACA-1,0
GGCGGACTCTTGGA-1,3
GGCGGACTTACTGG-1,0
GGCGGACTTGAACC-1,0
GGCTAAACACCTGA-1,3
GGCTAAACTCTTAC-1,0
GGCTAATGAGCACT-1,3
GGCTAATGGTCTAG-1,0
GGCTCACTACTCAG-1,2
GGGAACGAAGCTCA-1,2
GGGAACGACACAAC-1,1
GGGAACGAGTGTCA-1,2
GGGAAGTGTTGAGC-1,2
GGGACCACACGTTG-1,3
GGGACCACAGAACA-1,0
GGGACCACGAATAG-1,0
GGGACCACGTCATG-1,0
GGGACCACTCAAGC-1,0
GGGACCACTCGTGA-1,0
GGGACCACTGCATG-1,0
GGGACCTGACCCTC-1,2
GGGACCTGCTTGCC-1,0
GGGACCTGTGGAGG-1,1
GGGATGGACGACAT-1,1
GGGATGGATACTTC-1,0
GGGATGGATGGTTG-1,2
GGGATTACGTCTAG-1,0
GGGCAAGATGCATG-1,2
GGGCACACGGTGAG-1,2
GGGCACACGTTGCA-1,0
GGGCAGCTTGGGAG-1,3
GGGCAGCTTTTCTG-1,0
GGGCCAACCTTGGA-1,2
GGGCCAACGCGTTA-1,1
GGGCCAACTACGCA-1,2
GGGCCAACTCCAAG-1,1
GGGCCATGATGGTC-1,3
GGGCCATGTTGACG-1,0
GGGTAACTCAGCTA-1,0
GGGTAACTCTAGTG-1,1
GGGTAACTCTGGAT-1,0
GGGTTAACGTGCAT-1,3
GGTAAAGAGCTAAC-1,3
GGTACAACTGCAAC-1,0
GGTACATGAAAGCA-1,1
GGTACATGAGCTCA-1,3
GGTACATGCGGTAT-1,0
GGTACATGGTTACG-1,3
GGTACATGTGGGAG-1,0
GGTACTGAACTCTT-1,2
GGTAGTACACCACA-1,3
GGTAGTACACTAGC-1,2
GGTAGTACCCTGTC-1,0
GGTAGTACGCCATA-1,2
GGTAGTACTGTCTT-1,3
GGTATCGAGACAAA-1,2
GGTATCGATGAACC-1,1
GGTCAAACCAAAGA-1,0
GGTCTAGAGAAACA-1,2
GGTCTAGATAGCGT-1,2
GGTGATACCGACTA-1,1
GGTGATACGACTAC-1,2
GGTGATACTGTTTC-1,0
GGTGGAGAAACGGG-1,3
GGTGGAGAAGTAGA-1,0
GGTGGAGACAGATC-1,3
GGTGGAGATCGATG-1,0
GGTGGAGATCTCTA-1,2
GGTGGAGATTACTC-1,3
GGTTTACTACGCAT-1,3
GTAACGTGACCTCC-1,2
GTAACGTGATCGGT-1,1
GTAACGTGCAGCTA-1,1
GTAACGTGGTTGAC-1,1
GTAAGCACAACGGG-1,0
GTAAGCACTCATTC-1,1
GTAAGCTGGTACCA-1,2
GTAATAACCTTCTA-1,2
GTAATAACGTTGTG-1,0
GTACCCTGACAGTC-1,2
GTACCCTGGAGCTT-1,0
GTACCCTGTCCTTA-1,3
GTACCCTGTGAACC-1,0
GTACGTGAACGTTG-1,3
GTACTTTGTCGACA-1,3
GTAGACTGAGATGA-1,2
GTAGACTGTATTCC-1,0
GTAGCAACAGTCGT-1,2
GTAGCAACCATTTC-1,1
GTAGCAACGGTAGG-1,2
GTAGCATGCACTCC-1,1
GTAGCATGTAAGCC-1,2
GTAGCCCTGACGTT-1,0
GTAGCTGAAGCTAC-1,2
GTAGCTGAATTCGG-1,0
GTAGGTACACGGGA-1,2
GTAGTGACCTCATT-1,0
GTAGTGTGAGCGGA-1,3
GTAGTGTGAGGCGA-1,2
GTAGTGTGTGGTTG-1,0
GTATCACTGGTAGG-1,2
GTATCTACAGAAGT-1,3
GTATCTACGACGAG-1,3
GTATCTACGTTACG-1,0
GTATTAGAAACAGA-1,0
GTATTAGAGGTCTA-1,0
GTATTCACACAGCT-1,0
GTATTCACGGGTGA-1,3
GTCAACGACACTGA-1,0
GTCAACGAGTGTAC-1,2
GTCAACGATCAGGT-1,3
GTCAATCTACACCA-1,3
GTCAATCTGTAGCT-1,3
GTCAATCTTGTGGT-1,0
GTCACCTGCCTCCA-1,0
GTCACCTGTCCCGT-1,0
GTCATACTAATCGC-1,1
GTCATACTGCGATT-1,3
GTCATACTTCGCCT-1,4
GTCATACTTTACCT-1,3
GTCATACTTTGACG-1,0
GTCCAAGAAAAACG-1,0
GTCCACTGACCTCC-1,0
GTCCACTGGGTACT-1,2
GTCCAGCTACGGGA-1,0
GTCCCATGTGGTGT-1,2
GTCGAATGAAGGCG-1,2
GTCGACCTGAATGA-1,3
GTCGACCTGTTCAG-1,3
GTCGCACTTGAGAA-1,1
GTCTAACTGGTCTA-1,2
GTCTAGGAGCTTCC-1,2
GTGAACACACTCTT-1,0
GTGAACACAGATCC-1,3
GTGAACACTCAGGT-1,0
GTGACCCTTAAGCC-1,0
GTGATGACAAGTGA-1,0
GTGATGACCTGAGT-1,1
GTGATGACGGTTTG-1,3
GTGATTCTCATTTC-1,0
GTGATTCTCTCTCG-1,2
GTGATTCTGGTTCA-1,3
GTGATTCTGTCGAT-1,0
GTGATTCTTAGCGT-1,1
GTGCCACTCAGGAG-1,0
GTGGATTGCACTAG-1,2
GTGGATTGCGGAGA-1,0
GTGGATTGTAACGC-1,0
GTGTACGATCAGTG-1,0
GTGTAGTGGGTACT-1,0
GTGTATCTAGCCTA-1,1
GTGTATCTAGTAGA-1,3
GTGTATCTGTTACG-1,1
GTGTCAGAAGCGTT-1,3
GTGTCAGAATGCTG-1,0
GTTAAAACCGAGAG-1,3
GTTAAAACTTCGCC-1,3
GTTAAATGCTCGAA-1,3
GTTAAATGTCGACA-1,1
GTTAACCTAGCTAC-1,0
GTTAACCTTGCTTT-1,2
GTTAGGTGCACTCC-1,0
GTTAGGTGCCAGTA-1,2
GTTAGGTGCCCAAA-1,2
GTTAGGTGGAACTC-1,1
GTTAGTCTAAGAAC-1,3
GTTATAGAGGACAG-1,0
GTTATGCTTTCATC-1,0
GTTCAACTGGGACA-1,3
GTTCAACTTATGCG-1,0
GTTGACGAGCCCTT-1,3
GTTGACGATATCGG-1,3
GTTGAGTGGTCTTT-1,2
GTTGAGTGTGCTTT-1,0
GTTGATCTGGGACA-1,0
GTTGATCTTTTCAC-1,3
GTTGGATGTTTACC-1,2
GTTGTACTATTCCT-1,2
GTTGTACTTTTGGG-1,0
GTTTAAGACCATGA-1,2
GTTTAAGACTGTCC-1,3
TAAACAACCAACCA-1,0
TAAACAACGAATCC-1,1
TAAAGACTCAGGAG-1,0
TAAATCGATGAGGG-1,0
TAACAATGTGCCCT-1,1
TAACACCTTCGCTC-1,2
TAACACCTTCGTAG-1,2
TAACACCTTGTTTC-1,4
TAACATGACACTAG-1,1
TAACCGGACTTACT-1,0
TAACGTCTCAACCA-1,2
TAACGTCTCATTGG-1,0
TAACTAGAATTTCC-1,0
TAACTAGACTTAGG-1,0
TAACTAGATCTGGA-1,0
TAACTCACGAGGAC-1,2
TAACTCACGTACAC-1,1
TAACTCACGTATCG-1,2
TAACTCACTCTACT-1,3
TAAGAACTGTGTCA-1,2
TAAGAGGACTAAGC-1,1
TAAGAGGACTTGTT-1,3
TAAGATACCCACAA-1,3
TAAGATACGGTTCA-1,2
TAAGATTGCGTAGT-1,0
TAAGATTGTTGCTT-1,0
TAAGCGTGAGGTTC-1,2
TAAGCGTGGACAAA-1,2
TAAGCGTGGGAAAT-1,0
TAAGCGTGTGCTCC-1,2
TAAGGCTGCCATGA-1,3
TAAGGCTGCTGCTC-1,0
TAAGGCTGTCTCGC-1,2
TAAGGGCTGCTGTA-1,0
TAAGGGCTTTACTC-1,0
TAAGTAACCGAGAG-1,1
TAAGTAACCTCCAC-1,1
TAAGTAACCTGTAG-1,0
TAAGTAACTTGTCT-1,3
TAATGATGAGCGGA-1,0
TAATGCCTCATGAC-1,0
TAATGCCTCGTCTC-1,3
TAATGTGAAGATGA-1,0
TAATGTGACTGCAA-1,2
TAATGTGATTACTC-1,3
TACAAATGGGTACT-1,0
TACAATGAAAACAG-1,2
TACAATGACTTAGG-1,0
TACAATGATGCTAG-1,3
TACACACTCACACA-1,0
TACACACTCTTACT-1,0
TACATAGAACGCAT-1,3
TACATCACACGGGA-1,0
TACATCACCTGTTT-1,2
TACATCACGCTAAC-1,1
TACATCACTGAACC-1,2
TACCATTGAGGTTC-1,0
TACCATTGCGGGAA-1,2
TACCATTGGGGATG-1,2
TACCATTGTGAGGG-1,2
TACCGGCTGTTGGT-1,0
TACGAGTGATCTCT-1,0
TACGAGTGATGCTG-1,2
TACGAGTGCGGAGA-1,0
TACGAGTGGTTGGT-1,0
TACGATCTAGTGTC-1,0
TACGATCTCACTGA-1,2
TACGATCTTACGAC-1,3
TACGCAGACGTCTC-1,1
TACGCAGAGAATCC-1,3
TACGCCACATTCCT-1,0
TACGCCACTCCCAC-1,2
TACGCCACTCCGAA-1,1
TACGCGCTCTTCTA-1,3
TACGGAACGCGTTA-1,1
TACGGCCTGGGACA-1,3
TACGGCCTGTCCTC-1,0
TACGTACTACGGAG-1,3
TACGTACTCAGTTG-1,0
TACGTACTCCCGTT-1,1
TACGTTACAGAAGT-1,0
TACGTTACCAAGCT-1,2
TACTAAGAAAGGTA-1,1
TACTAAGAATCACG-1,0
TACTAAGATGATGC-1,2
TACTAAGATTGCGA-1,0
TACTACACGAGAGC-1,0
TACTACACTTACCT-1,1
TACTACTGAACCTG-1,2
TACTACTGATGTCG-1,3
TACTACTGATTCTC-1,0
TACTACTGTATGGC-1,0
TACTCAACGGTCTA-1,2
TACTCAACTGCTAG-1,1
TACTCCCTCAGTTG-1,0
TACTCTGAATCGAC-1,3
TACTCTGACGAGTT-1,0
TACTCTGATTGACG-1,1
TACTGGGATCGATG-1,0
TACTGTTGAAAGCA-1,0
TACTGTTGAGGCGA-1,3
TACTGTTGCTGAAC-1,1
TACTTGACTCCTCG-1,3
TACTTGACTGGTGT-1,1
TACTTTCTTTTGGG-1,3
TAGAAACTAATCGC-1,0
TAGAAACTGCTTCC-1,2
TAGAAACTGGGATG-1,3
TAGAATTGCGACAT-1,0
TAGAATTGTATCGG-1,0
TAGACGTGCTTGAG-1,3
TAGACGTGTCGCTC-1,0
TAGAGCACCTTACT-1,1
TAGATTGACTTGTT-1,1
TAGATTGAGGCATT-1,3
TAGCATCTCAGCTA-1,3
TAGCATCTCCCTCA-1,0
TAGCATCTGCTGTA-1,2
TAGCATCTGGGACA-1,0
TAGCATCTTGTCGA-1,0
TAGCCCACAAAAGC-1,0
TAGCCCACAGCCAT-1,3
TAGCCCACAGCTAC-1,3
TAGCCCACCCACAA-1,0
TAGCCCTGCGGAGA-1,3
TAGCCGCTTACGAC-1,0
TAGCCGCTTACTTC-1,3
TAGCCGCTTTCCAT-1,2
TAGCTACTGAATAG-1,1
TAGCTACTGTAGCT-1,0
TAGCTACTTTTGCT-1,3
TAGGACTGTGCTGA-1,0
TAGGAGCTAAGGCG-1,1
TAGGAGCTGAGGGT-1,0
TAGGAGCTTGCATG-1,1
TAGGCAACCGTCTC-1,1
TAGGCATGCTCTCG-1,2
TAGGCATGGCGAGA-1,3
TAGGCTGATGCCTC-1,2
TAGGGACTGAACTC-1,3
TAGGTCGACACTGA-1,0
TAGGTCGAGGATCT-1,1
TAGGTGACACACTG-1,0
TAGGTGACACGTTG-1,1
TAGGTGTGTTCTGT-1,0
TAGGTTCTGAAGGC-1,0
TAGGTTCTTCTTAC-1,2
TAGGTTCTTGCTGA-1,2
TAGTAAACCTCGCT-1,0
TAGTAAACGTCACA-1,0
TAGTAATGAGATCC-1,0
TAGTACCTAAGAAC-1,2
TAGTATGATCTTAC-1,1
TAGTATGATTCTCA-1,0
TAGTCTTGGCTGTA-1,0
TAGTCTTGGGACTT-1,0
TAGTCTTGTGGAAA-1,3
TAGTGGTGAAGTGA-1,3
TAGTTAGAACCACA-1,3
TAGTTAGATGAACC-1,0
TATAAGACAACAGA-1,3
TATAAGACAGCTCA-1,2
TATAAGTGACACCA-1,2
TATAAGTGTATCGG-1,2
TATAAGTGTGGTGT-1,2
TATACAGAACCCTC-1,3
TATACAGAAGAACA-1,0
TATACAGATCCAGA-1,0
TATACCACCTGATG-1,1
TATACGCTACCAAC-1,0
TATAGATGGACGGA-1,0
TATAGATGTTCCGC-1,2
TATCACTGACTGTG-1,2
TATCCAACCAGCTA-1,2
TATCCAACTCTCTA-1,3
TATCGACTACTAGC-1,3
TATCGACTCGATAC-1,2
TATCGTACAGATGA-1,3
TATCGTACATTCCT-1,2
TATCTCGAGAGATA-1,0
TATCTGACAGGTTC-1,3
TATCTGACTGTTTC-1,0
TATCTTCTAAACAG-1,0
TATGAATGGAGGAC-1,3
TATGAATGTTTGCT-1,2
TATGCGGATAACCG-1,0
TATGGGTGCATCAG-1,3
TATGGGTGCTAGCA-1,1
TATGGTCTCTACCC-1,0
TATGTCACGGAACG-1,1
TATGTCACTAACCG-1,2
TATGTCACTTCTCA-1,1
TATGTGCTCCGATA-1,2
TATGTGCTGGATTC-1,0
TATTGCTGAAGAAC-1,2
TATTGCTGCCGTTC-1,1
TATTGCTGTCTGGA-1,0
TATTGCTGTGCACA-1,3
TATTTCCTATTGGC-1,2
TATTTCCTGGAGGT-1,3
TATTTCCTGGTGTT-1,0
TCAACACTGTTTGG-1,3
TCAAGGACAGCGTT-1,0
TCAAGGACATTCTC-1,3
TCAAGGACGGTGTT-1,2
TCAATCACACTCTT-1,3
TCAATCACAGTCGT-1,2
TCACAACTATGTGC-1,0
TCACAACTTTGCTT-1,2
TCACATACACTTTC-1,0
TCACATACAGGGTG-1,0
TCACCCGAGACGGA-1,2
TCACCGTGCTCGCT-1,2
TCACCTCTACGACT-1,3
TCACCTCTTCCAAG-1,2
TCACGAGAGGAGGT-1,1
TCACTATGGGGCAA-1,3
TCACTATGGTTGTG-1,1
TCAGACGACGCTAA-1,0
TCAGACGACGTTAG-1,3
TCAGAGACTCCAGA-1,0
TCAGCAGACTCCAC-1,0
TCAGCGCTCTAGTG-1,3
TCAGCGCTGGATCT-1,1
TCAGCGCTGGTATC-1,3
TCAGGATGAAGTAG-1,0
TCAGGATGCCTTTA-1,2
TCAGTGGAAGATCC-1,3
TCAGTTACCTACGA-1,2
TCAGTTACTAGAAG-1,0
TCATCAACCCGATA-1,0
TCATCAACTGTTCT-1,2
TCATCATGCAGTTG-1,0
TCATCCCTTACTGG-1,0
TCATTCGATACAGC-1,2
TCCACGTGGAAACA-1,0
TCCACTCTACACTG-1,0
TCCACTCTGAGCTT-1,2
TCCACTCTTACTTC-1,1
TCCATAACAAAGTG-1,3
TCCATAACCGTAGT-1,1
TCCATAACGATGAA-1,0
TCCATAACTACGCA-1,0
TCCATCCTCCCTAC-1,3
TCCCACGATCATTC-1,0
TCCCATCTCAAAGA-1,2
TCCCGAACACAGTC-1,3
TCCCGAACTTCGCC-1,2
TCCCGATGAGATCC-1,0
TCCCGATGCCTGAA-1,2
TCCCGATGCTGTGA-1,3
TCCCTACTCAACTG-1,1
TCCGAAGACAATCG-1,2
TCCGAAGACGTTAG-1,0
TCCGGACTGAGGTG-1,0
TCCGGACTGTACGT-1,3
TCCTAAACATCGAC-1,3
TCCTAAACCGAGAG-1,0
TCCTAAACCGCATA-1,3
TCCTAATGGTTTGG-1,3
TCCTACCTGTCGTA-1,0
TCCTATGAAAAGCA-1,3
TCGAATCTCTGGTA-1,3
TCGACCTGCCGATA-1,2
TCGACGCTTCTATC-1,2
TCGACGCTTTGACG-1,0
TCGAGAACGACAGG-1,0
TCGAGAACGTTAGC-1,0
TCGAGCCTATCAGC-1,1
TCGAGCCTGCGAGA-1,3
TCGAGCCTTGTGAC-1,0
TCGATACTATTCCT-1,0
TCGATACTTGCACA-1,0
TCGATTTGATGCCA-1,2
TCGATTTGCACTCC-1,0
TCGATTTGCAGCTA-1,3
TCGATTTGCCTACC-1,2
TCGATTTGTCGTGA-1,1
TCGCACACCATCAG-1,2
TCGCAGCTAGATCC-1,3
TCGCCATGAGACTC-1,0
TCGCCATGTGGTCA-1,1
TCGGACCTAACAGA-1,0
TCGGACCTATAAGG-1,1
TCGGACCTGTACAC-1,0
TCGGTAGAGTAGGG-1,0
TCGGTAGATCCCAC-1,1
TCGTAGGATCGACA-1,0
TCGTGAGAACTGTG-1,1
TCGTTATGGACAAA-1,0
TCTAACACCAGTTG-1,3
TCTAACACGAGCAG-1,2
TCTAACTGAACCAC-1,0
TCTAAGCTAATGCC-1,0
TCTAAGCTTAGTCG-1,3
TCTAAGCTTCTAGG-1,2
TCTAAGCTTGTTCT-1,2
TCTAAGCTTTCGCC-1,1
TCTACAACGACTAC-1,2
TCTAGACTTAGAAG-1,2
TCTAGTTGCACCAA-1,2
TCTATGTGAAGAGT-1,2
TCTATGTGAGTCTG-1,3
TCTCAAACCTAAGC-1,1
TCTCTAGAATTTCC-1,0
TCTGATACACGTGT-1,0
TCTGATACTCGCCT-1,0
TCTTACGAACCTGA-1,2
TCTTCAGAGCTACA-1,2
TCTTGATGCGGAGA-1,3
TGAAATTGGTGAGG-1,2
TGAACCGAAAACGA-1,0
TGAACCGACTACTT-1,2
TGAACCGATTCGGA-1,2
TGAAGCACTCACGA-1,0
TGAAGCTGAACGAA-1,0
TGAAGCTGAGACTC-1,0
TGAAGCTGCATGGT-1,1
TGAAGCTGCGTAAC-1,0
TGAATAACCACTTT-1,0
TGAATAACTCCCAC-1,3
TGACACGACCTTAT-1,1
TGACCAGACAACCA-1,0
TGACCAGAGGATTC-1,0
TGACCGCTAAAAGC-1,0
TGACCGCTCTGCAA-1,0
TGACGATGCAAAGA-1,2
TGACGCCTGTACCA-1,0
TGACGCCTTTACTC-1,0
TGACTGGAAGAGAT-1,2
TGACTGGACCGTAA-1,0
TGACTGGACGCAAT-1,0
TGACTGGAGGACAG-1,1
TGACTGGATTCTCA-1,0
TGACTTACACACCA-1,0
TGACTTACAGTCTG-1,2
TGACTTTGCGCATA-1,0
TGACTTTGTTTGTC-1,0
TGAGACACAAGGTA-1,0
TGAGACACTCAAGC-1,3
TGAGACACTGTGCA-1,0
TGAGCTGAATGCTG-1,2
TGAGCTGACTGGAT-1,2
TGAGCTGAGCGAGA-1,0
TGAGCTGATGCTAG-1,2
TGAGGACTCTCATT-1,2
TGAGGACTTCATTC-1,0
TGAGGTACGAACCT-1,2
TGAGTCGAGTTACG-1,1
TGAGTGACTGAGCT-1,0
TGATAAACGAATCC-1,0
TGATAAACTCCGTC-1,3
TGATAAACTTTCAC-1,0
TGATACCTCACTAG-1,2
TGATACCTGTTGGT-1,0
TGATACCTTATGCG-1,0
TGATACCTTGAAGA-1,0
TGATATGAACCTTT-1,0
TGATCACTAGCATC-1,3
TGATCACTCTCGCT-1,0
TGATCACTTCTACT-1,1
TGATCGGACTGACA-1,2
TGATCGGAGGAGCA-1,1
TGATCGGATATGCG-1,2
TGATTAGACATTGG-1,0
TGATTAGATGACTG-1,1
TGATTAGATGCTAG-1,0
TGATTCACTATGCG-1,0
TGATTCACTGTCAG-1,1
TGATTCTGCCGAAT-1,0
TGATTCTGCTCTTA-1,0
TGCAAGTGAGAACA-1,0
TGCAAGTGGGTAGG-1,2
TGCAATCTTCAGGT-1,2
TGCACAGACGACAT-1,3
TGCCAAGAGCAGTT-1,2
TGCCAAGATCTCTA-1,0
TGCCACTGAACGTC-1,0
TGCCACTGCGATAC-1,3
TGCCAGCTTGGCAT-1,0
TGCCCAACAGCAAA-1,0
TGCCCAACCGCATA-1,2
TGCCGACTCTCCCA-1,1
TGCGAAACAGTCAC-1,1
TGCGAAACGTTGCA-1,1
TGCGATGAACGGTT-1,0
TGCGATGACCTCGT-1,0
TGCGATGACTAGTG-1,1
TGCGATGACTGCTC-1,1
TGCGATGACTTGCC-1,1
TGCGATGAGTGCTA-1,2
TGCGCACTCTTGAG-1,2
TGCGTAGAATAAGG-1,2
TGCGTAGACGGGAA-1,1
TGCGTAGATGGTCA-1,2
TGCTAGGAAACCGT-1,3
TGCTAGGATAGTCG-1,0
TGCTATACGGTTCA-1,2
TGCTATACTGCTGA-1,3
TGCTGAGAGAGCAG-1,3
TGCTGAGATTATCC-1,0
TGGAAAGACTCTCG-1,1
TGGAAAGAGCGATT-1,0
TGGAAAGAGGTCAT-1,2
TGGAAAGATATGGC-1,0
TGGAACACAAACAG-1,3
TGGAACACGCTAAC-1,3
TGGAAGCTCAGATC-1,0
TGGACCCTACACTG-1,2
TGGACCCTCATGGT-1,3
TGGACCCTGGTACT-1,2
TGGACTGAGTATGC-1,0
TGGAGACTATCAGC-1,2
TGGAGACTGAAACA-1,0
TGGAGACTTCAAGC-1,0
TGGAGACTTGACCA-1,3
TGGAGGGACGGAGA-1,2
TGGAGGGAGCTATG-1,3
TGGATCGATAAAGG-1,0
TGGATGTGACCTAG-1,1
TGGATGTGATGTCG-1,3
TGGATGTGTGAAGA-1,1
TGGATTCTCATACG-1,3
TGGCAATGCTTGTT-1,1
TGGCAATGGAGGGT-1,3
TGGCACCTTCACGA-1,3
TGGCACCTTCAGTG-1,2
TGGGTATGAAGAGT-1,0
TGGGTATGCACAAC-1,0
TGGGTATGGTACGT-1,1
TGGGTATGTTTGGG-1,2
TGGTAGACATGCCA-1,0
TGGTAGACCCTCAC-1,3
TGGTAGACCTGATG-1,0
TGGTAGTGCACTGA-1,2
TGGTATCTAAACAG-1,0
TGGTATCTCTTCCG-1,0
TGGTCAGACCCAAA-1,0
TGGTCAGACCGTTC-1,3
TGGTTACTGACGTT-1,2
TGGTTACTGTTCTT-1,0
TGTAACCTAGAGGC-1,0
TGTAACCTTGCCTC-1,2
TGTAATGACACAAC-1,3
TGTAATGAGGTAAA-1,3
TGTACTTGCTCTAT-1,2
TGTAGGTGCGAGAG-1,1
TGTAGGTGCTATGG-1,0
TGTAGGTGCTCTAT-1,2
TGTAGGTGTGCTGA-1,0
TGTAGTCTTCCAGA-1,0
TGTAGTCTTGCACA-1,3
TGTATCTGTTAGGC-1,0
TGTATGCTCATGGT-1,1
TGTATGCTGTAGGG-1,0
TGTATGCTTTCATC-1,0
TGTCAGGAATACCG-1,0
TGTCAGGAGATGAA-1,2
TGTCTAACCCCTTG-1,0
TGTGACGATTCTCA-1,3
TGTGAGACTGTCAG-1,2
TGTGAGACTTGAGC-1,0
TGTGAGTGACCACA-1,0
TGTGAGTGAGTGCT-1,2
TGTGAGTGGAGATA-1,3
TGTGATCTCTCTAT-1,1
TGTGATCTGACACT-1,3
TGTGGATGGCCAAT-1,1
TGTTAAGACAAAGA-1,2
TGTTAAGATAAGGA-1,2
TGTTAAGATTGGCA-1,2
TGTTACACCGCATA-1,2
TGTTACACGACTAC-1,2
TGTTACTGGCTACA-1,3
TGTTACTGTAGTCG-1,3
TTAACCACCGTAAC-1,0
TTAACCACTAAGGA-1,3
TTAACCACTCAGAC-1,3
TTACACACGTGTTG-1,0
TTACACACTCCTAT-1,0
TTACCATGAATCGC-1,2
TTACCATGGTTGAC-1,0
TTACCATGTGTCTT-1,3
TTACCATGTTGTGG-1,1
TTACGACTGAGAGC-1,0
TTACGACTTGACAC-1,2
TTACGTACGTTCAG-1,4
TTACTCGAACGTTG-1,1
TTACTCGAAGAATG-1,2
TTACTCGACGCAAT-1,2
TTACTCGAGGGTGA-1,0
TTACTCGATCTACT-1,3
TTAGAATGTGGTGT-1,0
TTAGAATGTGTAGC-1,0
TTAGACCTCCTACC-1,0
TTAGACCTCCTTTA-1,2
TTAGCTACAACCGT-1,0
TTAGCTACTGTCCC-1,2
TTAGCTACTTTCGT-1,0
TTAGGGACGCGAAG-1,3
TTAGGGTGCTGGAT-1,1
TTAGGGTGTCCTGC-1,2
TTAGGTCTACTTTC-1,2
TTAGTCACCAGTTG-1,0
TTAGTCTGAAAGCA-1,1
TTAGTCTGCCAACA-1,3
TTAGTCTGTGCACA-1,0
TTATCCGACTAGTG-1,1
TTATCCGAGAAAGT-1,2
TTATGAGAGATAAG-1,0
TTATGCACGTCACA-1,1
TTATGGCTTATGGC-1,2
TTATTCCTATGCTG-1,2
TTATTCCTGGACAG-1,1
TTATTCCTGGTACT-1,1
TTATTCCTTCGTGA-1,0
TTCAAAGATAAAGG-1,3
TTCAACACAACAGA-1,0
TTCAACACCCCAAA-1,2
TTCAACACGGACGA-1,2
TTCAAGCTAAGAAC-1,2
TTCAAGCTAGATGA-1,0
TTCAAGCTGTTGAC-1,3
TTCAAGCTTCCAAG-1,0
TTCAAGCTTGATGC-1,0
TTCAAGCTTTCGCC-1,0
TTCACAACCCGTTC-1,2
TTCACAACGTCTGA-1,2
TTCAGACTACCCAA-1,0
TTCAGACTCTCGAA-1,0
TTCAGTACCGACTA-1,0
TTCAGTACTCAAGC-1,0
TTCAGTACTCCTAT-1,2
TTCAGTTGCCAAGT-1,0
TTCAGTTGTCCTTA-1,2
TTCAGTTGTCTAGG-1,3
TTCAGTTGTCTCGC-1,1
TTCATCGAGGTGGA-1,2
TTCATGTGTGGTGT-1,0
TTCATTCTATGTCG-1,2
TTCATTCTTCTCTA-1,0
TTCCAAACCTATGG-1,2
TTCCAAACCTCCCA-1,1
TTCCAAACTCCCAC-1,3
TTCCAAACTTGACG-1,3
TTCCATGACGAGAG-1,2
TTCCATGACTGTCC-1,3
TTCCCACTTGAGGG-1,3
TTCCCACTTGTCTT-1,2
TTCCTAGAAAGTGA-1,0
TTCCTAGACTAGTG-1,2
TTCGAGGACTCTAT-1,0
TTCGAGGAGGGCAA-1,0
TTCGAGGATAGAAG-1,2
TTCGATTGAGCATC-1,0
TTCGGAGAATGCCA-1,2
TTCGGAGATGTGCA-1,0
TTCGTATGAAAAGC-1,3
TTCGTATGGATAGA-1,3
TTCGTATGGTCTGA-1,0
TTCGTATGTCCTTA-1,2
TTCTACGAACGTAC-1,0
TTCTACGAGTTGGT-1,0
TTCTAGTGACACGT-1,0
TTCTAGTGCATGAC-1,2
TTCTAGTGGAGAGC-1,3
TTCTAGTGGTCACA-1,2
TTCTCAGAAGAGAT-1,0
TTCTCAGAAGCATC-1,1
TTCTCAGATGGAGG-1,0
TTCTGATGGAGACG-1,3
TTCTTACTCTGGAT-1,2
TTGAACCTCCTTGC-1,1
TTGAATGAACTACG-1,2
TTGAATGACTTACT-1,0
TTGAATGATCTCAT-1,1
TTGACACTCTGTAG-1,0
TTGACACTGATAAG-1,1
TTGAGGACAGAACA-1,2
TTGAGGACTACGCA-1,2
TTGAGGTGGACGGA-1,0
TTGCATTGAGCTAC-1,3
TTGCATTGCTAAGC-1,2
TTGCATTGTGACTG-1,0
TTGCTAACACCAAC-1,3
TTGCTAACACGCTA-1,2
TTGCTAACCACTCC-1,0
TTGCTATGGTACGT-1,2
TTGCTATGGTAGGG-1,2
TTGGAGACCAATCG-1,0
TTGGAGACGCTATG-1,2
TTGGAGACTATGGC-1,1
TTGGGAACTGAACC-1,0
TTGGTACTACTGGT-1,2
TTGGTACTCTTAGG-1,0
TTGGTACTGAATCC-1,1
TTGGTACTGGATTC-1,1
TTGTACACGTTGTG-1,1
TTGTACACTTGCAG-1,0
TTGTAGCTAGCTCA-1,0
TTGTAGCTCTCTTA-1,1
TTGTCATGGACGGA-1,3
TTTAGAGATCCTCG-1,1
TTTAGCTGATACCG-1,0
TTTAGCTGGATACC-1,2
TTTAGCTGTACTCT-1,2
TTTAGGCTCCTTTA-1,2
TTTATCCTGTTGTG-1,2
TTTCACGAGGTTCA-1,0
TTTCAGTGGAAGGC-1,3
TTTCAGTGTCACGA-1,1
TTTCAGTGTCTATC-1,2
TTTCAGTGTGCAGT-1,1
TTTCCAGAGGTGAG-1,0
TTTCGAACACCTGA-1,2
TTTCGAACTCTCAT-1,2
TTTCTACTGAGGCA-1,1
TTTCTACTTCCTCG-1,1
TTTGCATGAGAGGC-1,1
TTTGCATGCCTCAC-1,0
